#MOT	Définition
A	
ABAT	Tripe ou étripe
ABATTIS	Architecte à la retraite
ABECEDAIRE	Premier livre à lire
ABER	Liquide encaissé
ABER	Trou breton, mais allemand
ABOIEMENT	Cri de l’homme quand il se transforme en loup garou
ABOLITION	La censure pour l'échafaud
ABORD	Souvent donné en prime
ABORD	Prime pour une première rencontre
ABORIGENES	Personnes de moindre importance qui encombrent les paysages d’un pays nouvellement découvert
ABREVIATION	Mot court incompréhensible qui désigne un mot long
ABRI	L’orage lui amène des clients
ABRICOTIER	Un arbre qui vous met à l'abri des tempêtes marines ?
ABSENCE	Lorsque la chose ou la personne n’est pas là où on le souhaite
ABSIDIOLE	Toujours rayonnante et presque toujours flamboyante
ABSTENTION	Extinction de voix
ABSURDITE	Déclaration ou conviction incompatible avec notre propre opinion
ABSURDITE	Affirmation manifestement incompatible avec son opinion propre
ABUS	Course au trop
ABUS	Avec biens, c'est mal
ABUS	Qui n’a plus soif
ACADEMICIEN	Souvent vieux mais toujours vert
ACADEMICIEN	Désigne un écrivain en quarantaine
ACADEMIE	Corps de jolie femme à poil ou de vieux messieurs à plume
ACCELERATEUR	Champignon dangereux si on lui appuie dessus
ACCENT	Grave pour l'infirmière, aigu pour le médecin
ACCENT	Pas grave pour le blessé
ACCENTUER	On le fait deux fois en été, mais jamais en hiver
ACCES	Entrée ou poussée
ACCORD	Se fait plaquer par une pianiste
ACCORDEON	Époux d’yvette horner
ACCORDEONISTE	Une ceinture ne pourrait remplacer ses bretelles
ACCOUCHEUR	Médecin du travail
ACE	Service divin
ACE	N’est ni repris, ni échangé
ACNE	Epreuve de physique avec des points
ACNE	Bourgeonne sur des plantes encore vertes
ACNE	Airbag destiné à amortir les gifles
ACRE	Fait un peu de bien en angleterre mais est beaucoup plus désagréable en france
ACRONYME	C'est comme ça qu'on appelle le samu
ACTE	Part de pièce montée
ACTE	A un passage potentiellement dangereux
ACTEUR	A un emploi mais pas forcément du travail
ACTRICES	La perte des fils de famille
ADDITION	Plus salée que la soupe
ADER	Bizarre qu'avec ce nom il ait pu décoller
ADHERE	Se met en mouvement ou ne peut bouger
ADJACENT	A un côté touchant
ADN	Confond sans confusion possible
ADO	Fruit vert ou petit croissant
ADOLESCENT	Enfant plein de bras et de jambes, sourd, et doté de parents abrutis
AERA	Ouvrit sa tabatière tout en combattant le tabac
AERIEN	Un trafic à base de vols
AEROBIC	Stylo volant
AFFECTION	Selon le cas peut apporter de la douceur ou de la douleur
AFFRONT	S‘essuie avant de se laver
AFRIQUE	Continent qui en manque
AGE	Tendre bien avant d'être mûr
AGE	Avoué au tribunal
AGE	S'ajoute au lait, au vin et même au pot
AGE	Ne reste pas longtemps ingrat
AGE	Pas toujours agréable de faire le sien
AGE	Chiffre tabou qui doit rester secret
AGENOUILLE	Abaissé dans un but d'élévation
AGITATION	Peut se manifester par une manifestation
AGNOSTIQUE	Personne érudite qui ne réfute pas ce que les imbéciles ne savent pas
AGONISER	Se dit de celui qui va avoir le dernier mot
AGREGATION	Un rassemblement auquel très peu de gens sont admis
AGRICOLES	Qualifient les ouvriers qu’on ne voit jamais à l’usine
AI	Forme d’être et d’avoir
AIDA	Opéra ou coopéra
AIDE AU TIERS MONDE	Manne financière versée aux riches des pays pauvres
AIEUL	A son art sous un autre nom
AIGLON	Élevé en pleine aire
AIGU	Si vous ne trouvez pas ce n’est pas grave
AIGU	Accents de sincérité
AIL	Petite gousse qui évite de se faire croquer par un vampire
AILLEURS	Lieu de pendaison souhaité
AIN	Jura un peu
AINE	Natif du premier arrondissement
AINE	Le premier au passage du col
AINEE	Supérieure d'une communauté de sœurs
AINESSE	Un droit qui est à la portée du premier venu
AIOLI	Plat pour sado
AIRAIN	Matière à dura lex
ALCOOL	Actif à l’intérieur et se voit à l’extérieur
ALCOOLIQUE	Personne capable de boire autant que vous
ALE	Accompagne les pies
ALEATOIRES	Ne concernent pas spécialement les voyages dans une ville des deux
ALERTE	En forme ou informe
ALERTE	Rapide ou elle doit vous rendre rapide
ALEVIN	Lieu de naissance
ALIENATION	Concerne différemment le notaire, le psychiatre et le philosophe
ALINEA	Ce retrait de loi n'empêche pas son application
ALLIANCE	Anneau de chaîne
ALLIER	Il se peut que vous y alliez faire une cure à vichy
ALLIER	Marier à moulins ?
ALLUNISSAGE	Capacité à se téléporter et attérir sur la lune
ALMA	Mater ou mahler ?
ALPESTRE	D'une chaîne où il faut parfois les mettre
ALPINISME	Pics et pics et cols et drames
ALPINISME	Monteur à la chaîne
ALTERCATIONS	Mots croisés plutôt durs
ALTESSE	On lui donne du son
AMADOUE	Rend plus aimable qu'inflammable
AMANT	Membre suppléant
AMANT	Monsieur le substitut
AMANT	Plus de la moitié
AMANT	Jules ii
AMANT	Homme indispensable pour affronter les tracas du quotidien
AMBASSADE	On peut y être attaché
AMBIDEXTRE	Capable de voler dans la poche gauche comme dans la droite
AMBULANCE	Tire mais on ne doit pas tirer dessus
AMBULANCE	Tire sans crainte des balles
AMBULANCIERS	Leurs transports ne manquent pas d’affections
AME	La rendre peut faire râler
AME	Nul besoin de hache pour la fendre
AME	Chez un chameau, c'est seulement son cœur
AME	Se rend en dernier
AMI	Il nous est plus cher que son prix
AMI	A son prix ou n'a pas de prix
AMI	Personne qui croit qu’il est autorisé à coucher mais qui se trompe
AMIRAL	Avant il était contre
AMITIE	Le maître de maison n'est pas tenu de donner ses gages à la bonne
AMNISTIE	Blanchisseuse
AMORTIT	Diminue le coup ou le coût
AMOUR	Se file parfaitement
AMOUR	Anarchiste bohémien
AMOUR	Victoire de l’imaginaire sur l’intelligence
AMPEREHEURE	Ah c'est ça !
AMPLE	L'informé veut l'être plus
AMPOULE	A du culot
AN	Bougie ou élément d'un lustre
AN	Berge d'un long fleuve tranquille ?
AN	Un élément du fardeau du vieillard
ANA	Feuilleté et croustillant
ANAGRAMME	Prière pour pierre
ANAGRAMME	Intérims pour un ministre
ANAGRAMME	Argent pour le gérant
ANAGRAMME	Taverne pour le vétéran
ANAGRAMME	Soigneur pour guérison
ANAGRAMME	Niche pour le chien
ANAGRAMME	Aimer pour marie et calmer pour marcel
ANAGRAMME	Portion de potiron
ANAGRAMME	Rend toute dispute stupide
ANANAS	Sous sa carapace épaisse, un cœur d'or
ANCÊTRE	Feu arrière
ANCIENNETE	Fait avancer mais assez lentement
ANCRE	N’est utile que si on la jette
ANCRE	Chasse quand elle ne mord pas
ANCRE	Trainée dans les bas
ANCRER	Mouiller dans l'eau
ANE	Preneur de son
ANE	Evoque davantage le son que la lumière
ANE	Sa matière grise réside surtout dans ses poils
ANE	Se fait entendre quand on lui coupe le son
ANE	Plus apprécié à la crèche qu'en classe
ANEE	En voilà une qu’on ne peut guère souhaiter bonne
ANESTHESIE	Calcul des sommes, avant des opérations plus compliquées
ANESTHESIE	Prélude à une partie de billard
ANESTHESIE	Prélude à l’ouverture
ANETH	Utile quand on a une faim de loup
ANEVRISME	Un drame de la rupture
ANGE	Passe ou on l’a fait passer
ANGINE	Rouge gorge
ANGLE	Mort au volant
ANGLES	Peuvent se montrer obtus quand ils outrepassent le droit
ANIS	Etoilé de la cuisine
ANNE	Sœur jumelle
ANNE	Si seulement elle avait été sœur jumelle
ANNEAU	Forme olympique
ANNEE	Période de trois
ANNIE	Hall de cinéma
ANNIVERSAIRE	Passage d'une berge à l'autre
ANTAN	Temps de neige
ANTIG	Telle la tenue passée d'un chrétien
ANTIPATHIE	Sentiment que nous inspire l’ami d’un ami
ANTRE	N'incite justement pas à entrer
AOUT	Plus d'un s'est rhabillé sur son trente
AOUT	Y être, c'est avoir été
AOUT	Vide les boîtes de jour et remplit les boîtes de nuit
APARTE	Employé pour l'entretien de l'éclairage public
APERO	Sifflé en tournées
APERO	Vedette de la tournée
APESANTEUR	Etat sans gravité
APHONIE	Perd des voix en les gagnant
APHRODISIAQUES	Produits dopants pour coureurs
APOSTROPHE	Une seule suffit pour aujourd’hui
APOSTROPHE	Signe d'air et d'eau
APPAREIL	Le simple est sans effets
APPAREILLAGE	Ce n'est pas la même chose pour haddock et pour tournesol
APPENDICE	S'ajoute ou se retranche
APPREHENDE	Arrête, mais pas d'avoir peur
APPRENTI	Bleu de travail
APPRET	Malgré son nom se met avant
APT	Capabl
ARA	C’est peut-être lui qui parle mais ce n’est pas lui qui rit ! (Georges Pérec)
ARBRISSEAU	Petit fût
ARBUSTE	Un débutant dans le charme
ARC	C’est un beau rôle, même s’il faut le bûcher
ARC	Elle a quitté la campagne pour la campagne
ARCHEOLOGUE	Professionnel des profondeurs intimes
ARCHIDUC	A moins de problèmes avec ses chaussettes que son épouse
ARDEUR	État particulier de l’amour sans l’expérience
ARE	Carré dans l'aire
ARENE	Un mâle ibérique peut y perdre sa portugaise
ARENES	Des ronds pour faire les courses
ARETE	Pilier de bar
ARETE	Ne se consomme pas dans un bar
ARETE	Un danger dans l'ombre
ARETE	La raie au milieu
ARETE	Se cache dans l'ombre
AREU	Premier cri
ARGENT	Accessoire indispensable pour revoir les enfants de temps en temps
ARGENT SALE	Monnaie planquée au fond des sacs et des jeans
ARIEN	Un chrétien qu'on hésite à dire bon
ARISEE	Comme une fortune bien réduite
ARISTO	Ce n'est pas la tête qu'on lui a coupée
ARLES	C'est peut
ARLESIENNE	A un point commun avec godot
ARLESIENNE	Femme invisible de la provence
ARMATEUR	Fait des ronds dans l'eau
ARME	Se repose après avoir été présentée
ARME	Peut sortir s'il y a un port
ARME	N'est passée à gauche qu'au dernier moment
ARMES	Voyagent aujourd'hui moins facilement avec les bagages
ARMES	Elles sont portées par le chevalier et la chevalière
ARMURE	Tenue de combat du couturier forgeron
ARMURE	Genre de vêtement porté par celui qui prend un forgeron pour tailleur
ARMURERIE	On peut encore y échanger des balles contre des euros
AROUET	Ce patronyme, mieux vaut l'taire
ARRET	Inutile de verser des arrhes pour un séjour dans sa maison
ARRET	Un vrai temps de chien
ARRETE	Pince ou agrafe
ARRETER	Une manière comme une autre de clore une enquête criminelle
ARRIME	Cale dans la cale
ARRIVE	Radine, mais pas pingre
ARRIVISTES	Sans scrupules, même au départ
ARROBASE	Touche au milieu de l'envoi
ARROSER	Donner du jus de pomme
ARROSOIR	Il a des pommes dans le jardin
ARS	A son sol en ré
ARSENAL	Le magasin des magasins
ARSENIC	As en chimie
ARSENIC	As des assassins
ART	Il demande du génie pour l'ouvrage
ART	Demande des dons pour ses œuvres
ART	Ses ouvrages sont souvent plus imposants que ses œuvres
ARTEPS	De quoi apporter le trépas aux pâtres de sparte
AS	On n’y est pas quand on y passe
AS	Tombeur de dames
ASCENSEUR	Dangereux quand il sort de sa cage
ASCENSEUR	S'élève dans une cage
ASCENSEUR	Une bonne action est pour lui cause de renvoi
ASCESE	On peut pourtant s’y livrer à quinze, ou à quatorze, ou même tout seul
ASCÈSE	Jeune fille de 16 ans
ASILE	Ce n'est pas du tout la même chose d'y être ou d'avoir le droit
ASPERGE	Arrose au jardin
ASPERGER	Est
ASPI	Militaire sorti du rant
ASPIRATEUR	N’a pas besoin de compter les moutons pour ronfler
ASPIRATEUR	Intervient dans une scène de ménage
ASSASSIN	Caïn cas un
ASSASSINER	Rendre service à quelqu’un qui ne vous a rien demandé
ASSEZ	Suffisant, de a à z
ASSIDUITE	Prime accordée au présent, mais pas à l'imparfait
ASSIDUMENT	Drôlement bien assis
ASSIEGE	A de bonnes raisons de se plaindre de son entourage
ASSIETTES	Des anglaises avec des rosbifs ?
ASSIS	Un mot pour dresser paradoxalement
ASSISTANCE	Public ou publique
ASSURANCE	Au volant il vaut mieux ne pas trop en avoir quand on n’en a pas
ASSURANCE	Se contracte sous l’effet de la peur
ASSURANCE	Bout de papier nécessaire qui engraisse les assureurs
ASTERISQUE	Ne signale pas forcément des gauloiseries
ASTI	Du vin ou une bonne dose de pastis
ASTI	Il excite plus quand il a la cote
ASTICOTE	Taquine, mais pas le goujon, curieusement
ASTRONOMIE	Tout sur le star
AT	Se lit religieusement ou sans religion bien entendu
ATLAS	Ne devrait être relié qu’en maroquin
ATLAS	Jeu de cartes
ATOLLS	Tous ne portent pas des noms de maillots de bain
ATOMISEUR	Espérons qu’on lui donne un autre nom dans les parfumeries d’hiroshima !
ATOUT	On l’abat avec un certain plaisir
ATTENTION	Se prête avec intérêt
ATTENTION	Cri du cœur quand il est déjà trop tard
ATTENUANTE	Un mot de circonstance
ATTERRISSAGE	Temps de pose
ATTRACTION	Désigne l’envie de copuler fatalement avec une personne
ATTRAPONS	Poissons
ATYPIQUE	Destiné à celui qui est mal rasé
AUBE	Concerne triplement un curé officiant de bonne heure à troyes
AUBERGISTE	Restaurateur de maison de campagne
AUDELA	Destination pour un aller simple
AUMONIER	Curé de campagne
AURICULAIRE	Le petit rapporteur
AUTEL	Table de chevet
AUTEUR	Écrivain pistonné qui a des amis éditeurs
AUTO	Ses ailes ne facilitent pas son vol
AUTO STOPPEUSE	Jeune fille courageuse et prête à tout pour visiter le monde
AUTOBUS	Grand véhicule qui transporte des moutons et roule plus vite lorsqu’on le rate que lorsqu’on est assis dedans
AUTODAFE	Technique de brûlage de culture
AUTODIDACTES	N’ont eu de leçons à recevoir de personne
AUTOPSIE	Fait ouvrir le feu
AUTOPSIE	Travailler à mort
AUTOPSIE	Tête à tête avec un cadavre pour arriver à le faire parler
AVANCEMENT	Tableau souvent regardé
AVARE	Personne qui accumule les biens pour pouvoir mourir très riche
AVATAR	Film qui a le don de vous donner des bleus
AVEN	Pont breton
AVENT	Précède le temps du présent
AVENTURE	Bonne à dire
AVENTURE	Etape de coureur
AVENTURE	Relation qui émoustille les sens et peut conduire au divorce et à la ruine
AVENUES	C’est pour être rendu qu’on les emprunte
AVERSE	Associe soudaineté et précipitation
AVERTIR	Doubler la valeur de l'homme
AVEU	Est tendre à la mie
AVINE	Noir avec du blanc
AVION	Il descend toujours avant l’arrêt
AVION	Vole et peut même piquer
AVION	Perceur de murs
AVIONNEUR	Fait coucou
AVIONS	Dans l’armée de l’air ou dans l’auxiliaire
AVIRONS	Permettent de progresser quand on suit des cours
AVIS	Tranché, il n’est pas forcément partagé
AVIS	La division survient justement quand on ne le partage pas
AVOCAT	Bon pour la défense sauf s'il est général
AVOCAT	Il sort en robe de chambre
AVOCAT	Collègue du médecin capable de signer de plus grosses ordonnances que lui
AVOIR	Bien possédé ou bien posséder
AVOIR	Il fond quand on le croque
AVRIL	Pour être apprécié son poisson doit être cru
AVRIL	Mois qui réjouit les amateurs de poisson
AXEL	Saut à glace
AY	Une des vedettes de la coupe
B	
BABA	Soufflé ou ne ressemble pas du tout à un soufflé
BABA	Pâtisserie ou soufflé
BABY	Ne se prend quand même pas au berceau
BACON	De l’art et du cochon
BADERNES	On ne les a jamais connues jeunes
BAGAGISTE	Métier que l'on exerce quand on n'a pas de bagage
BAGARREUR	Pas commode, mais semblable aux chiffonniers
BAGUE	Présent du futur
BAHUT	Boîte de pions
BAIE	A plus d'eau que de jus
BAIL	Temps qui paraît long
BAL	Pour l'ouvrir, il faut tourner
BAL	Ne s'ouvre pas tout seul
BANLIEUE	Avant
BAR	On y trouve à boire et à manger
BAR	S’il préfère l’eau, les familiers de l’autre pas forcément
BAR	Ses piliers ne le soutiennent pas
BAR	Ses piliers sont souvent ronds
BAR	Est un corps plongé dans un liquide ou procure un liquide à plonger dans un corps
BAR	Rade où l'on écluse
BAR	Mesure ou débite la pression
BARBE	Bouc ou cheval
BARI	N’aimerait pas être appelée pouilleuse
BARREAU	Est commun à l'avocat et au détenu
BAS	File facilement sur une seule jambe
BASSINER	Chauffer les pieux ou casser les pieds
BATH	Très agréable, comme la station du même nom
BATTEUR	Tape souvent dans la caisse
BEC	Le blanc est très vite prétentieux
BEC	Porte
BEC	Cloué avec une pointe
BEC	Blancs quand ils sont jeunes
BEC	On le clou sans marteau
BEC	On le cloue sans marteau
BECARRE	Ils font disparaître les altérations du sol
BECASSINE	Bonne en dessins
BECASSINE	Une bonne partie du finistère
BEL	Un vieux beau
BEL	Avant l'été, mais on ne peut en être sûr qu'après
BEL	Ne peut jamais arriver avant le printemps, contrairement aux trois autres
BELLE	Sûrement pas la première venue, mais la dernière partie, çà c'est sûr
BENIN	Anodin sauf en afrique
BENIOUIOUI	Apparemment, il consent à se marier à l'église
BERET	Complément populaire de la baguette
BETON	Il est armé pour résister
BEURREE	Noire ou ronde
BIBI	Si ce n'est pas moi, c'est peut
BIBLIOBUS	Livre à domicile
BIELLE	Peut couler dans une mer d’huile
BIENS	Appartiennent rarement à leurs marchands
BIERE	On n’aime pas la porter mais on aime la porter
BILAN	En général contrasté
BIS	Cris dans le poulailler
BIS	Demande d'assistance
BLANC	Toujours liquide quand il est sec
BLANCHE	Héroïne en partie ou entièrement
BLANCHENEIGE	Héroïne pure
BLANQUETTE	Se mange et se boit
BLANQUETTE	A boire et à manger
BLE	N’est pas tendre avec les nouilles
BLESE	Ne ménage ni la chèvre ni le chou
BLINI	Crêpe de russie
BLOCS	Théâtres d'opérations
BN	Des volumes de papier ou de biscuit
BOIRE	Obéir sans respecter l'ordre
BOITES	Les noires résistent aux chocs
BOMBE	Argument de l’assiégeant en faveur de la capitulation, mis avec doigté à la portée des femmes et des enfants
BONNETERIE	On y parle bas
BOOM	Précède souvent le krach, sauf pour dutronc
BOUILLON	Peut venir d'une poule ou fournir des pilons
BOULEVARD	Pas toujours un théâtre de maris honnêtes
BRAVOURE	N'a pas de bas morceaux
BREME	Poisson à la carte
BRICABRAC	On n'y manque probablement pas non plus de broc
BRIE	Elle fut comté, il n'est pas comté
BRIN	Est toujours joli avec une fille
BRINS	Fils ou de fille
BRISE	Note de frais
BROC	S'alimente aux fontaines ou dans les greniers selon la prononciation
BROCELIANDE	L'endroit idéal pour organiser une table ronde
BRU	Au nom du fils
BRU	Barboteuse d’enfant
BRU	Porte un anneau dans un cercle
BRU	Elue pour un futur arrondissement
BRU	Une fille pas propre mais toujours belle
BRUIT	Peut transpirer avant même de courir
BU	Son futur est inévitable
BUDGET	Jamais en équilibre
BUFFET	On y met les petits plats dans les grands
BUSE	A moins de valeur si on la triple
C	
CABOTINAGE	La preuve que l’acteur fait un métier de chien
CAC	C’est plutôt les quarante valeurs
CACHOTTERIE	Ne désigne pas une fabrique de prisons
CADAVRE	Produit fini dont nous sommes la matière première
CAISSIER	Veille à la conservation des espèces
CAL	Dure peau après le travail ?
CALAMITES	Elles sont de deux sortes
CALE	N’avance pas ou empêche d’avancer
CALE	Retenu ou a beaucoup retenu
CALENDRIER	Il perd ses feuilles en toutes saisons
CALENDRIER	Il perd ses feuilles en toute saison
CALLGIRL	Liaison téléphonique
CALS	Effets de manche
CALVITIE	Toujours précoce
CAMELIAS	Les fleurs du mal en roman
CAMISOLE	Enveloppe timbrée
CAMP	Il est fichu dès le départ
CAMPAGNE	On y va pour la guerre ou pour la paix
CANE	Se signale par plus d'un coin
CANICULE	Le temps des hotdogs ?
CANIF	Son coup n'est pas gage de fidélité
CANINES	Crocs à viande
CANNIBALE	Gastronome de l’ancienne école qui reste attaché aux saveurs simples et s’en tient à l’alimentation naturelle de l’époque pré
CANOE	Avec lui c’est la pagaie
CANTINIERE	Pro rata
CAP	Cerbère facile à contourner
CAPTIVE	Charme ou n'est pas charmée par sa situation
CAR	Un moyen de transport très justifié
CAR	Est plus grand en français qu'en anglais
CAR	Unit des idées ou des localités
CARABINE	22, ce n’est pas pour les poulets, plutôt pour les lapins
CARACOLER	Toujours en tête des sondages
CARACTERE	Un exemple que, chez le cochon, tout n’est pas bon
CARAT	Pour un solitaire, il est rarement seul
CARESSER	Toujours dans le sens du poil
CARTABLE	Parfois transporté à dos d’âne
CARTABLE	Parfois porté à dos d'âne
CASANIERE	Demeure en sa demeure
CASE	Vide montre votre échec
CASE	Carrée noire ou carré blanc
CASINO	Vide
CASINO	Il marcherait moins bien sans roulettes
CASINO	Son râteau est particulièrement efficace pour ratisser
CASSEPIPE	C'est vraiment le contraire du calumet de la paix
CASSEROLES	Plus lourdes à traîner qu'à manier
CAVE	On y descend pour se remonter
CAVE	On y descend pour se remonter
CAVIAR	Poissons pas nés
CCCCC	D
CE	Fond de commerce
CECITE	Point de vue
CECITE	Maladie d'amour ?
CEDILLE	C’est pour ça que c’est indispensable
CEDILLE	Signe de contrefaçon
CEDILLE	Le garçon en a une, pas la fille
CEINTURE	Elle se faufile au milieu des passants
CELIBAT	Etat pontifical
CELIBATAIRE	Sans parti pris
CELLULE	Pièce policière ou religieuse
CENT	Nombre de pas d'attente
CEPS	Des pieds tordus à l'origine de démarches chancelantes
CERCUEIL	Caisse du parti
CERDAN	Piaf a apprécié ses reprises
CERISAIE	Verger entre cour et jardin
CERUMEN	Sourd d'oreille
CESARIENNE	Ouverture dans une enceinte
CESSE	Tombe s'il s'agit du vent, mais pas de la pluie
CESURES	Elles imposent la loi du silence au milieu
CETOINE	Dorée sur des roses
CEZANNE	Réussissait bien les pommes à l'huile
CHAPERON	Boulet de canon
CHARRETTE	Moyen de transport de son boulot à pôle emploi
CHASSE	Excellent exercice que l’on doit feindre d’adorer
CHASSE	A deux façons de faire tirer
CHAT	Pour un greffier il n’a pas une belle écriture
CHAUD	Quand on l'a eu, on est soulagé
CHAUSSEE	Idéal pour avoir un pied
CHAUVE	Fait voler la souris
CHER	Pour bourges ou pour bourges
CHEREMENT	S'emploie pour la vie jusqu'à la mort
CHIANTI	Rouge issu de la terre de sienne
CHIEN	Boxer ou pointer ?
CHIPPENDALE	Qualifie un style pourtant fort peu dépouillé
CHU	Tombé, on peut s’y soigner
CHU	Théâtre d'opérations
CHUT	Un ordre auquel on ne peut répondre
CIGARETTES	Ce sont les russes les moins nocives
CIMETIERE	Un jour, vous n’en reviendrez pas
CINEMA	Il apprit très tard à parler
CINEMA	Muet de naissance
CINQUIEME	Passée sur l'autoroute
CINTRE	A moitié rond quand il est plein
CIRAGE	Etat second
CIRCONFLEXE	L’accent du puy
CIRE	Ce que tabarly portait à l'endroit comme à l'envers
CISEAUX	Lames sœurs
CITATION	Action de répéter de façon erronée les mots d’un autre
CITE	Invité à comparaître
CITE	A son droit, ou lieu de non droit
CL	17 ou 150
CLARINETTE	Instrument de torture utilisé par une personne qui a du coton dans les oreilles
CLAVICULE	Ossement d'épaule
CLE	En fournir un double est une marque de confiance
CLERC	Sortir une minute peut lui prendre une seconde
CLIENT	Il est pratique
CLIENT	Pratique mais pas toujours commode
CLIENTELE	Tout aussi recherchée des patriciens que des praticiens
CLIENTELE	Pratique mais pas toujours commode
CLIO	Muse à règnes
CM	Court ou cours
COCU	Victime des rapports d’une moitié avec un tiers
COI	Coït interrompu
COIN	Se bouche en soufflant
COIN	Petit avec des lunettes
COIN	Lieu de pas sage
COLLABORATION	Plus profitable à erckmann
COMA	Dépassé sans s'en rendre compte
COMBATTANT	Parfois en retraite avant d’être en retraite
COMEDIE	Le métier du politicien, la science du médecin, le savoir des critiques, la religion des prédicateurs à sensation, en un mot le monde
COMMISSURE	En bouche un coin
COMPATRIOTE	Palme pour bergman
CONCERTOS	Aucun voyeurisme malsain à leur exécution publique
CONCUBINAGE	Heures de colle
CONDESCEND	Est un peu méprisant à l’indicatif en un mot, quant à l’impératif en deux mots   si
CONNAISSANCE	Personne que l’on connaà®t assez pour lui emprunter de l’argent, mais pas assez pour lui en prêter
CONSERVATEUR	Homme politique qui a une passion pour les maux existants, à ne pas confondre avec le libéral qui souhaite les remplacer par d’autres
CONSIDERATIONS	Distinguées dans les lettres
CONSONNES	Dans le vin mais pas dans l'eau
CONTAGIEUSE	Facile à attraper
CONVERSATION	Il faut être au moins deux pour la soutenir
CONVICTION	Intime à la cour
COQUELUCHE	A “toux” pour plaire ?
COQUELUCHE	Mieux vaut l’être que l’avoir
COR	Pour le chasseur comme pour le chassé
COR	Fait autant pleurer que l'oignon
CORRUPTION	N'a touché robespierre qu'après sa mort
COSTUMES	Effets spéciaux au théâtre ou au cinéma
COTON	Devient souvent mauvais quand on le file
COU	S'y pendre est plus sympa que d'y mettre la corde
COUCHETTE	Vous permet, en somme, d’être en train
COUCHETTE	Grâce à elle on peut être en train couenne
COULANT	S’accorde à nœud
COUPEPAPIER	Lame pour "les trois mousquetaires"
COUPEROSE	Ne désigne absolument pas une espèce de sécateur
COUR	Plat agréable à faire
COUR	S'annonce aux messieurs, se fait aux dames
COURAGE	N’écouter que le sien
COUREUR	Avant, il prévient
COURS	Elles se remplissent quand ils se vident
COURSEAPIED	On peut en faire une au marché, mais elle se fait rarement en marchant
COUTEAU	Moins important quand il passe en second
COUVRECHEF	Il est forcément au
CRABE	Marcheur à pinces
CRAN	Les ceintures noires en ont, et pourtant n’en n’ont pas
CREDIT	Il vaut mieux en avoir pour en demander
CREMAILLERE	On y conserve les vieux pots au feu
CREMATION	Feu du feu
CREMERIE	Quand on emploie le mot, c'est souvent pour en changer
CREPERIE	Fait dans la dentelle
CREUSE	Approfondis ou vraiment pas profonde
CREVAISON	Peut mettre à plat un grimpeur
CRIC	Quand on est crevé, c’est un bon remontant
CRIC	Remonte quand on est à plat
CRIEE	On y estime l'état des lieus
CRIME	Mauvais payeur
CRIME	Nul n'est parfait
CRISE	Peut être grave si elle est aigüe
CRITIQUE	Passe pour aisée
CROCHET	Rallonge toujours et peut vous allonger !
CROTTIN	Selle de cheval
CROUTE	Cassée après avoir pris une gamelle
CRS	Compagnie de car
CRU	N’est pas grand quand il est bourgeois
CRU	Un nectar de vigne
CRUE	Hausse des cours
CRUE	La possibilité du nil
CUILLEREES	Pour maman et pour papa mais surtout pour bébé
CUISINE	On peut y trouver un piano et une mandoline
CUISINIER	Il est toujours à côté de la plaque quand il se met au piano
CUISINIER	Le coq à ses cocottes
CUISINIER	Compositeur pour piano et batterie
CUITE	Ne sera plus jamais crue
CUITE	Prise à coups de canons
CUITE	Peut être mémorable et ne laisser aucun souvenir
CUL	Séant est plus séant
CUPIDE	Que la braise enflamme
CURE	Il soigne l’âme, elle soigne le corps
CURES	Pour l’âme ou pour le corps
CURISTE	S'il prend l'eau c'est qu'il est en mauvais état
CUTI	On l’attend au virage
CV	Raccourci pour chasseur de têtes
CYNIQUE	Grossier personnage dont la vision déformée voit les choses comme elles sont, et non comme elles devraient être
D	
DAIM	Il se sent mieux en sabots qu’en chaussures
DAIS	Ne coiffe pas les nattes
DALLE	Coulée avant de faire surface
DAMEES	C'est plutôt grâce aux demoiselles qu'elles se sont tassées
DANSE	Plaisir pour les souris, travail pour les rats
DATE	Est à prendre pour plus tard
DATTE	Produit de régime
DATTE	Solidaires du régime
DCA	Vide ses canons sur le zinc
DE	Pousse à la reprise
DE	Se retrouve au tapis sans perdre la face
DE	A mette à l'index ou même à jeter
DE	Ne protège pas celle qui se pique au jeu
DE	Est souvent proche du centimètre
DEALER	Abominable homme de neige
DEB	Nouvelle du monde
DEBOUT	A travaillé plus souvent pour goya que pour greco
DECES	Un acte que l'intéressé ne lit pas
DECORATION	La blaguer, mais la convoiter
DECORATION	Elle peut être fourragère
DEESSE	Vedette du port
DEFAITE	Déconfiture et pas de pot
DEFILE	Une multitude de fieffés crétins qui ont oublié de cultiver le sens du ridicule
DEGAINE	Une drôle d’allure
DELAI	Il expire quand il a fini de courir
DELAIS	Courent quand ils sont arrêtés
DELUGE	Première et remarquable expérience de baptême qui fit disparaître du monde tous les péchés et tous les pécheurs
DEMET	Luxe, mais sans volupté
DEMISEL	Beurre pour morue ou fait son beurre avec les morues
DENONCIATION	Tare de balance
DENT	Ne déchausse pas forcément à la mosquée
DENTELLE	Elle fit les beaux jours de calais
DEODORANT	En deux mots, apéricube au munster, qui pourrait justifier son usage en un mot
DEPARTEMENT	Lot n° 46
DEPENSE	Souvent folle pour ceux qui regardent
DEPENSES	Elles sont astronomiques à la nasa
DEPLIANT	Une mise en plis faite pour être dérangée si l’on veut séduire
DEPOUSSIERE	Débarrasse la bergère de ses moutons
DER	D’elles
DERAPE	Chasse sans permis
DERRIERE	Fait parfois une belle avancée
DESERTONS	Canons de la guerre
DESSERT	Nuit ou douceur
DETENTE	Pour faire parler la poudre, ou s'en abstenir
DETTE	Se contracte dès qu’on tape
DETTES	S'éteignent avec de la braise
DEVALISER	Désole ou ravit le commerçant, selon le cas
DEVOLU	Fait pour être jeté
DI	A besoin de vendre la veille du week
DI	A un jeu en milieu de semaine et une manche à la fin
DIABLE	C’est malin d’habiter aussi loin !
DIABLESSES	On ne parle ni de leur beauté ni de leur avocat
DIAMANTAIRE	Suit le cours des rivières
DIAPO	Peut être projetée contre un mur sans dommage
DIERESE	S'entend bien en criant
DIESE	Hausse le ton
DIESEL	On réalise soudain qu'il n'est pas super
DIEU	Met sur les rotules
DINDE	Elle peut comprendre la farce, mais rarement l’humour
DIPLOMATIE	L’art patriotique de mentir pour son pays
DIPLOMEE	Parfois licenciée avant d’être embauchée
DISPENSER	Distribuer ou épargner
DIVA	Etoile dans les airs
DIVISION	Rassemble pourtant souvent les équipes
DIVISION	Bizarrement ce sont des unités
DIX	509
DO	Demi
DOC	Il examine, elle renseigne
DOMICILE	Fixe avec adresse
DOMICILE	Il faut en élire un pour voter
DONA	Sol d’hernani
DORE	Brillant illustrateur
DORTOIR	A plus ou moins de pages
DOS	Pas satisfait dans la plénitude
DOSE	Devient plus faible quand on reprend du poil de la bête
DOSE	Mesure à prendre
DOT	On était rarement parti quand elle était absente
DOT	Prime de risque ?
DOT	Ne fait plus guère courir
DOUBLURE	Peut, égoïstement, se réjouir du malheur d’un autre
DOUILLE	Robe de balle
DRAP	Il passe souvent la journée au lit
DRESSEURS	Pas très doués s’ils braquent les braques
DROITE	Qu'elle puisse faire un crochet est un comble !
DROITIER	N'a jamais été contrarié pour cela
DUCHE	Celui qui est à sa tête peut payer la tournée
DUELLISTE	Ne saurait l’être s’il reste tout seul
DUNE	Bosse pour chameau
DURE	Reconnue non coupable
E	
EAU	Un point très recherché
EAU	Quand on arrive à ce point
EAU	De vie, n’en est pas
EAU	Coule ou flotte
EAU	Ne dort pas souvent dans un lit
EAU	Reste souvent au lit sans dormir
EAU	Incolore, mais rimbaud la voyait tricolore
EAU	Elément de solution
EAU	Milieu de requins
EAU	Doit quitter son château pour aller à la chasse
EAU	Sa fleur n'a pas besoin d'être arrosée
EAU	Doit être calme pour bien réfléchir
EAU	On peut se désaltérer quand on est arrivé à ce point
EAUDEVIE	Marc aux canards ?
EAUX	Perdues avant d’aller au travail
EAUX	Perte d'un travail
EBOUEURS	Hommes de main payés pour des enlèvements
EBRIETE	Prélude pour un violon
ECAILLE	Peau de pêche
ECART	On le creuse pour semer
ECHASSE	Hisse landais
ECHECS	On peut pourtant y gagner
ECHINE	Sa souplesse ne force pas l'admiration
ECHO	Il ne parle jamais sans réfléchir
ECLAIR	On parle plus de sa fermeture que de son ouverture
ECLIPSEE	Si une étoile peut l'être, une star n'aime pas l'être
ECO	La classe sans la classe
ECOLE	Plus elle est grande, plus il est difficile d'y entrer
ECONOMISER	Mettre des espèces devenant rares dans des réserves
ECOT	Liquide versé après le café
ECOUTE	Un ventre affamé n’a pas sa place à sa table
ECRAN	Reste à la maison quand il est petit
ECRAN	Fait voir ou dissimule
ECRAN	Total avec un indice élevé
ECRAN	Petit ou grand, il n'est pas total
ECRASES	Comme des chiens dans le monde des canards
ECRIN	Le lit de la rivière
ECRIRE	Coucher sur des pages
ECRITURE	Braille mais pas avec les sourds
ECRITURE	Est rarement soignée par le médecin
ECROU	Ne se lève pas sans peine
ECU	Para en guerre
ECUEL	Brise en mer
ECUELLE	Assiette en glaise
ECUME	Peste ou rage
ECUS	Pièces meublées
ECUS	Protégeaient les gens d'armes mais n'étaient pas toujours à l'abri des voleurs
EDAM	Fait par un hollandais, ou un anglais, selon le sens
EDEN	Jardin avec un pommier et un péché
EDENTE	N'a plus rien à perdre à la roulette
EDENTES	Peuvent aussi ne pas mâcher leurs mots
EDIT	Page de roi
EDITEURS	Changent les livres en francs [euro]
EDITO	Colonne de direction
EDITRICE	Il n’y a pas que les ouvrages de dames qui l’intéresse
EDITRICE	Elle a sa boîte à ouvrages
EDREDON	Personne ne souhaite le voir crever dans son lit
EFFETS	On les portent aux nues
EFFRONTERIE	Culot de loupiote
EGALITE	Nul en sport
EGLISE	On y trouve des arcs et des flèches
EGOÏSTE	Dénué de respect pour l’égoïsme des autres
EGOUT	Sous le regard
EGOUT	Collecteur de fonds
EGOUT	Sa bouche est un regard
EGOUT	Bas canal
EGOUT	Sa bouche est un regard
EGOUTIER	Passe par le regard et non par la bouche
EGOUTIER	Passe par le regard, pas par la bouche
EIDER	Perd son duvet au profit des plumes
EIDER	Canard dont on apprécie la mise en page
EIDER	Canard mis en pageot
EIN	Un allemand
EISENSTEIN	Il a tourné dans un escalier à révolution
ELAN	Il peut prendre le sien
ELAN	Est plus facile à prendre qu’à attraper
ELAN	On peut le prendre sans nuire à autrui
ELBE	Ex île d’exil
ELBE	Terre entourée d'eau ou eau entourée de terre
ELECTION	Fait ouvrir des écoles le dimanche
ELECTRICITE	Elle arrive chez vous en courant
ELEVE	Hausse ou suit les cours
ELIMINATOIRE	Ne fait pas partie des adjectifs qualificatifs
ELISION	Lettre morte
ELISION	Aussi bien avec l'or que l'argent
ELISION	Retranchement devant l'ennemi
ELISION	Effacement devant l'adversaire
ELISION	Suppression de l'impôt
ELLIPSE	Bigame ?
ELLIPSE	Les lunettes à double foyer ont
ELOI	Patron réputé pour son sens des affaires
ELONGATION	Le comble est de l’attraper en prenant un raccourci
ELUE	Femme de chambre
EMBAUCHE	Produit d'entretien
EMBAUCHOIR	Ne saurait servir à un chômeur, sauf s'il est dans ses petits souliers
EMBOUTIR	Rentrer en caisse
EMBUSCADE	Montée pour descendre
EMEU	Ne saurait être suspecté de vol
EMEUT	Saisit en empoignant
EMINCER	Ce que l'on peut faire du coupable
EMINENCES	Ne se cachent pas pour prendre du rouge et elles sont grises en cachette !
EMIR	Généralement riche dans un sens, pas toujours dans l’autre
EMIR	Dans le désert mais pas sur le sable
EMISSAIRE	N’a pas intérêt à porter le bouc
EMOULUS	Rarement sans frais
EMOUSSE	Fait perdre le fil
EMPIRE	Tend à s'étendre ou s'étiole
EMU	Jamais en marbre ou en bois
EMULSION	Mauvais résultat quand on cherche une solution
EN	Finit bien
ENA	Fait aller au cabinet
ENA	Nid de pontes
ENA	Fait aller au cabinet
ENCAISSEE	Concerne aussi bien une somme qu’une vallée, mais pas la vallée de la somme
ENCAS	Provisions en prévision
ENCASTRE	Pour éviter les dépassements dangereux ou alors on l'a déjà fait
ENCEINTE	Elle finira par être délivrée
ENCEINTE	Pleine de vie
ENCERCLER	Une façon d’investir où l’on est sûr de faire des ronds
ENCHANTEES	Heureuses de leur sortet même de leurs sorts
ENDEMIE	Elle est chronique et elle est locale
ENFANT	Fruit qu'on fit
ENFANT	Fruit du travail
ENLEVEMENT	Pour les ordures ou par des ordures
ENNEAGONE	A plus de sommets que la france
ENNEIGEMENT	Son bulletin est en quelque sorte un bulletin blanc
ENNEMI	On l’a dans le nez sans pouvoir le sentir
ENNEMI	Juré est indésirable dans le jury
ENNEMI	Seul le premier est numéroté
ENNUI	Rase ou laisse croître la barbe
ENRHUME	On l’est différemment avant et après avoir pris des grogs
ENSEVELI	Il en a par
ENTAILLE	Cochons, nous en auront au moins une
ENTENDU	Oui et ouï
ENTENTE	Dans les foyers où il n' y a pas de tirage
ENTERREMENT	On peut avoir de la peine à le suivre, même s'il est plutôt lent
ENTIER	Entêté ou entité
ENTOLAGE	Vol de grues
ENTRACTE	Vide les baignoires et remplit les lavabos
ENTRACTE	Vide les baignoires et remplit les lavabos
ENTRAIN	Etat d’alerte
ENTREFAITE	Intervalle apparemment festif
ENTREPOTS	Ne désignent pas des rencontres entre deux sourds !
ENTRETENUE	Convient à la maison et à la maîtresse, mais pas à la maîtresse de maison
ENTRETENUE	Chèrement aimée
ENTRETIEN	Conversation ou conservation
ENTREVUE	On la ménage souvent
ENVELOPPE	Neuf lettres, plus une dedans
EOLE	Faisait la bise
EOLIENNES	Depuis toujours en méditerranée, elles gagnent aujourd'hui d'autres mers
EOR	Ne connaît pas encore les ficelles du métier
EPAULA	Avant visa
EPEE	Ne se prend pas par la taille
EPEE	On emploie son fil pour en découdre
EPERONNER	Utiliser ses pieds pour aller plus vite
EPI	N'est pas blond de naissance
EPI	Sont condamnés après usage de faux
EPIDEMIE	Occasionne des pertes en gagnant
EPOUSE	Elle peut à la fois être modèle et reproduire
EPOUSE	A pris un nom pour un oui
EPOUSE	Se conjugue au futur
EPREUVE	Première impression que l’on peut corriger
EPREUVE	Planche de placard
EPUISETTE	Filet de rougets
EQUIPEMENT	Tout le fourbi fourni
ERE	Lias et trias pour en faire une
EREINTE	Quand on l'est, si c'est pas le rein, ça peut être le bide
EREINTEMENT	Particulièrement ennuyeux quand on n’a pas de pièce de rechange
EREINTER	Mettre en pièces ce qui a été mis en pièces
EREMITISME	Une vocation mais pas forcément à toucher le rmi
ERG	Croissant chaud
ERIC	Tabarly le portait à l'endroit comme à l'envers
ERMITAGE	Maison de retraite
ERODE	Vieilli autant que s'il avait un h
ERRATA	Reviennent sur les premières impressions quand elles sont mauvaises
ERRATA	Ils n’ont pas été éliminés lors des épreuves
ERREUR	Droit de l'homme
ERREUR	Humaine mais souvent bête
ERS	Ders des ders
ERUDIT	Brille moins avec un vernis ou une teinture
ESAU	Pigeon aux lentilles
ESAU	Il serait fou du puy
ESCALE	Etape avec arrivée en côte
ESCALIERS	Tournent souvent dans les cages
ESCAMPETTE	On ne sait pas qui l’a pulvérisé
ESCAMPETTE	Une retraite dans la poudreuse
ESCARGOT	Son opération implique des retenues
ESCHE	Tentation à l'origine de nombreux pêchés
ESCHE	Occasionne de la friture sur la ligne
ESCHE	La proie pour l'ombre
ESCORTE	Compagnie d'assurance
ESCRIMEUSES	Portent souvent des bottes quand elles se rencontrent
ESCROC	Aime le pigeon mais pas le poulet
ESCROC	Il sait soulager son entourage
ESPADON	Donne des coups d'épée dans l'eau
ESPAGNE	Son blanc est très différent du xérès
ESPRIT	Manque de présence dans l'escalier
ESPRIT	Sa présence peut nous sauver la vie
ESPRIT	Prend la parole durant un tour de table
ESQUISSE	Exécution sommaire
ESSAI	Son banc est rarement public
ESSAI	Son ballon n'est pas forcément ovale
ESSE	Passe souvent dans les beaux quartiers
ESSE	L'araignée s'y accroche
ESSENCE	Occasionne une dépense pour la caisse
ESSENCE	Pas la même en fût et en bidon
ESSES	Tiennent le haut du pavé
ESSIEU	Axe routier
ESTAMINET	En trois mots appartient au chat, en un seul fréquenté par son maître
ESTAMINET	Théâtre des bouffes du nord
ESTER	Mot utile au chimiste comme au juriste
ESTIMER	Se servir de la louche, à défaut de fourchette
ESTIVAGE	Action d'élever des animaux
ESTOC	Fer à repasser
ESTRAGON	Attend avec vladimir
ESTUAIRE	Fin de régime sans sel
ET	Fin gourmet
ETABLE	Vacherie
ETAGERE	Une surface pour des volumes
ETAIN	Un 50 qu'on trouve en 55
ETAIS	Suis imparfait, mais ils apportent leur soutien
ETAL	Pour l'ouvrir il faut le boucher
ETAL	Les côtes y sont découpées
ETALON	Crack boursier
ETAT	Civil même pour un militaire
ETAT	Le second n'est pas normal
ETE	A plu s’il n’a pas plu
ETE	Se fait parfois traiter de pourri
ETE	Pousse les salariés à la grève
ETE	Nombreux s'y mettent en grève après avoir cessé le travail
ETE	Quart d'an
ETEINTE	Morne ou morte
ETENDRE	Allonger dans l’eau ou mettre au sec
ETENDRE	Après quoi il est deux façons de repasser
ETENDUE	Couchée par terre ou allongée dans l'eau
ETERNEL	Ne fait pas de feu, mais fait long feu
ETERNEL	Généralement féminin, plus rarement père
ETETEES	Telles des sardines en boîte
ETIAGE	Il sèche les cours
ETNA	Il est fumasse avec son fichu cratère
ETOILE	Avait une bonne place qu’elle a été obligée de partager
ETRANGER	Pour un chianti, mais aussi pour un meursault
ETRANGLEUR	Manuel du crime
ETREINTE	Serrement d'amour
ETRIER	Dur d’oreille
ETUDE	Maison de maître
ETUDES	Il faut évidemment les suivre pour les pousser
ETUIS	Plus petits pour les cigares que pour les guitares
ETUIS	Formés à ce qu'ils doivent comprendre
EU	Marron
EUGENISME	Cette génétique ça gêne l'éthique
EUNUQUE	Nourri dans le sérail mais n’y a pas de relations
EURASIEN	Vient d'un œuf dans lequel il y avait du blanc et du jaune
EURO	Fait partie des espèces à sauvegarder ?
EUX	Trois quarts de deux ou au moins deux tiers
EUX	Au moins deux tiers
EV	Indication en bref ou en brève
EVADE	Séduit par la belle
EVASION	Exige un bon tuyau d'échappement
EVASION	Belle comme ce n'est pas permis
EVASION	Belle de maison close
EVE	Première arrivée
EVE	Epouse sans être bru
EVENTER	Occasionner des frais de déplacement
EVIAN	La naïve y est toute retournée
EVIAN	Elle est naturelle dans un sens, trop naturelle dans l'autre
EVIER	Même avec deux bacs, il restera à l’office
EVIER	Bassin pour plongeur
EVITA	Fuit, sauf en argentine
EVITA	Para ou peron
EXAMINATEUR	Juge d’instruction
EXCES	Arrivée au trop
EXECRE	Que l'on ne peut ni voir ni sentir
EXECUTEURS	Font le feu ou donnent du feu
EXHAUSSEE	Bien élevée, mais il serait faux de dire qu'on accède à tous ses désirs
EYELINER	Coquetterie dans l'œil
F	
FA	Note répété en fanfare
FADE	Plat à table
FANTASIA	Rabat joie
FAON	Futur 10
FAR	En amérique comme en france, c'est à l'ouest
FAT	Pas beaucoup plus fin ici qu'outre manche
FAUNE	Terme général désignant les diverses bêtes qui infestent n’importe quel endroit, à l’exclusion des animaux domestiques, des ménageries ambulantes et des démocrates
FELICITATIONS	Politesse de la jalousie
FEMININ	Convient aux amours multiples
FEMMES	Les bonnes ont des remèdes miracles
FENAISON	Conséquence de faux mouvements
FER	Pour chauffer ou refroidir
FERRY	Peut vous transporter sauf s’il s’appelle jules
FESSES	On donne cher de leur peau
FESSIER	Siège d'académie
FETE	Arrosé, mais pas avec de l'eau
FEU	Pour une grillade ou pour une viande froide
FEU	Allumé ou éteint
FEU	On le combat encore à la lance
FEU	N'a pas nécessairement péri dans les flammes
FEU	Très chaud ou très froid
FIANCAILLES	Temps du futur de moins en moins usité
FIERABRAS	Moins redoutable que l'homme de main
FIEVRE	Devient inquiétante à partir de 39
FINE	Spirituelle ou spiritueux
FLAGEOLET	Instrument à vent et à vents
FLEURISTES	Ils ne se contenteront jamais de vous vendre la pensée unique
FLIC	Cogne ou bourre
FOCALE	Définit un objectif
FOI	Cric de montagne
FOOTBALLEUR	Il vaut mieux qu'il n'ait pas qu'un seul but dans sa vie
FORFAIT	Ne sera jamais mieux que commis
FOU	Cintré ou complètement tordu
FOULARD	Quand il n’est pas hermès, il est islamique
FOULE	Ses bains ne rafraîchissent pas vraiment
FOYER	Double pour le mari infidèle, les lunettes ou l'ellipse
FRAC	Exige le fric pour le fric
FREINAGE	Use la gomme en ne la mettant plus
FUEL	Domestique et chauffeur
FUEL	Domestique payé avant même d'avoir servi
FUMISTERIE	Une orientation professionnelle pas très sérieuse
FUR	A utiliser avec mesure
FUSIL	Va à la chasse avec son chien
FUSIL	Il a une âme et peut se monter mortel
FUT	Pièce de château
FUT	Pièce souvent en sous
FUTE	Roué de coups
G	
GAG	Etait assuré chez lloyd
GAIN	Un fruit, mais pas des prunes
GALERER	Ramer, forcément
GALERIE	Au musée ou amusée ?
GALERIEN	Cinglé
GANTS	Leurs boîtes font des kilomètres
GAP	Un trou dans les highlands, mais tout de même pas dans les hautes alpes
GAP	Un trou en angleterre, mais pas un trou en france
GARAGES	Leurs voies ne sont pas impénétrables, mais ne mènent pas bien loin
GARDIENNE	Peut
GATER	Faire du bien ou faire du mal
GAVE	Coule ou bourre dans le sud
GEISHA	Professionnelle dans les pages jaunes
GEL	Prise d’eau
GEL	N'est pas particulièrement pour la douche froide
GEL	Il évite pourtant le dérapage des prix
GEL	Arrive à zéro
GENE	Hérité ou prouve qu’on n’a pas hérité
GENEALOGISTE	Sa branche, ce sont les arbres
GENIALES	Alignées n'importe comment
GENIE	On y crie parfois abusivement
GENOU	Peut être touché en dessous de table
GENOU	Se fait sous la table
GEO	Matière de compote
GESTATION	Temps passé par un animal de bât à porter
GIBOYEUSE	Il serait incongru de dire cela de la potence !
GILET	Une pièce sur trois
GIN	Dans le tgv
GIRL	Prend souvent la plume dans la revue
GITE	Bande de pirates
GITE	Permet de dormir à terre mais empêche de dormir en mer
GLACE	Facilite les déplacements sous l’eau
GLAS	C'est vraiment la dernière des cloches
GOAL	Son but est de ne pas en prendre
GOND	Limites du sang froid
GONDS	On en sort toujours furibond
GONG	Reçoit toujours des coups sur le ring
GOUT	Il siège au palais
GOUT	Affaire de palais
GOUTE	Juge au palais
GR	Le 20 est très corsé
GRADIN	Supporte pas les supporters
GRAIN	Il est difficile de l'essuyer sans se mouiller
GRAMMAIRE	Vieille dame qui a toujours ses règles
GRAMMAIRE	Vieille dame qui a toujours ses règles
GRANGE	Dépôt de gerbes
GRAPPA	Marc sur la place saint marc
GRAS	Son bout est discutable
GREEN	Vert mais pas seulement à l’académie française
GRESIL	Plus fin que grêle
GREVE	Débrayage qui bloque la boîte
GRILLEE	La sardine l'est différemment de l'ampoule
GRIMACE	Ne fait pas une bonne soupe
GRIS	Triste ou gai
GROSSESSE	Excuse inattaquable pour un retard
GUEPE	Insecte de taille
GUERRIER	Aspire au repos mais n’envisage pas la retraite
GUET	Garde à vue
GUET	Pet sans bruit
GUIGNE	Reluque mais n'a pas forcément le mauvais œil
GUILLEDOU	Est couru par le coureur
GYMNASTE	Individu qui met sa cervelle dans ses muscles
H	
HAI	Rodrigue ne l’était pas
HAMAC	Se persuader qu’on y est mieux que dans un lit
HAMAC	Lit de mousse
HAMSTER	Compagnon roux dans roue
HANNETONS	Ne piquent pas les bonnes histoires
HAYONS	Des portes en loques ?
HE	Bout de planche en hêtre ou en chêne
HEPTAGONE	Deux de plus qu’aux usa et un de plus qu’en france
HERCULE	Cas de force majeure
HERITE	Récupère la braise du feu
HERITE	Passe de perte à profit
HERITIERE	Parti
HERNIE	Sortie de la chambre ou vous oblige à la garder
HEROINE	Blanche
HERSE	Grille fléchée
HESITE	Flotte avant de plonger
HEURE	Change à chaque tour
HEXAMETRE	A autant de pieds qu'un insecte a de pattes
HIVERNANT	On ne peut pas l’être en ayant été
HOLDUP	Quand on braque avant de partir sur les chapeaux de roues
HOMOPHONIE	Aima emma et omet homais, et, pour la bovary, le beau varie
HONTE	Entravé dans sa conduite
HOTE	L'un reçoit l'autre
HUER	Siffler mais pas comme l'arbitre
HUILEDOLIVE	Certains ont le culte de la vierge
HUISSIER	Ferait mieux de garder ses exploits pour lui
HYPOCRISIE	Dévaluation du franc
I	
IAMBE	Un pied et presque une jambe
ICI	Jamais sans bas dans le monde
ICI	Endroit qui peut être inversé
ICI	Endroit même à l'envers
ICI	Hic pour les romains
ICI	Bas pour les hommes et les femmes
ICTERE	Quand on fait une maladie d'avoir le tiercé dans le désordre
IDEALISEE	Elle n’est pas comme elle est
IDEE	Mijote dans une cafetière
IDEE	Vaut mieux en avoir une petite que pas du tout
IDEE	Fixe, elle vous poursuit
IDEE	Plus elle est fixe, plus elle trotte
IDOLATRE	A un faible très fort
IENA	Prit la pâtée avant les lentilles
IF	On s’en taillait moins facilement qu’il ne se taille
IF	L’enfer de dantès
IF	Château d’eau
IF	En mer oui, mais dans aucun cimetière marin
IFS	Il en faut six pour faire un mythe
IGLOO	Case blanche
IGLOO	Rien à voir avec la maison blanche ou la galerie des glaces
ILE	A souvent des contours très vagues
ILE	Pâques ou la trinité
ILET	Menu sur la carte
ILLETTRE	Signe d’une croix
ILLUMINE	Devrait avoir les idées claires, mais ce n’est pas le cas
IMBU	Bien plein
IMITATION	Prise d'air
IMPATIENT	Comment l’appelle
IMPER	Il flotte quand il est ouvert, il est fermé quand il flotte
IMPOSITION	Se fait avec les mains ou avec des feuilles
IMPOSTURE	La vie du commerce, l’âme de la religion, le leurre de la galanterie et le fondement du pouvoir politique
INAPERCUS	Quand ils passent ainsi, ils sont mal vus
INATTENDU	Pas pour vladimir et estragon
INAUGURE	Ouvre avec des ciseaux
INAVOUABLE	Donc non dit
INAVOUE	Qui ne sera pas pardonné du tout
INCARCERE	Qui aurait préféré ne pas être prévenu
INCINERATION	Feu pour le feu
INCISIVE	Cette bonne dent fend
INCOGNITO	Evite les présentations
INCURIE	Ce n'est pas forcément une négligence papale
INDIC	Homme donneur
INEFFABLE	Qui n'aurait pas été du goût de la fontaine
INFECTION	Peut vous obliger à vous boucher le nez, mais peut être beaucoup plus grave
INFINI	Sans queue ni tête
INFIRME	Mutilé ou dément
INIMITABLE	En tout cas, pas jésus
INITIALES	Ps pour sollers
INITIALES	Font émerger le mrg
INITIATION	Leçon facile ou épreuve difficile
INOUIE	Tombée dans l’oreille d’un sourd ?
INSERER	Exaucer une prière
INTEGRISTE	Individu qui veut piété plus haut que son culte
INTERETS	Ils grossissent à l'usure
INTERLIGNE	Blanc de canard ou de poulet
INTERNATIONALE	Tube de rouge
INTERNATIONALE	Tube de rouge
INTESTIN	Conduite intérieure
INTIME	Un adjectif beaucoup plus agréable qu’un verbe
INTIME	Pas de pub dans ce journal
INVITATION	Si elle est importante elle arrive par carton
IO	Son cuir était dû à une faute de liaison
IO	Vache avec un cœur de lion
IO	Cœur de lion
IO	Se termine avec brio
IO	Morceau de brioche
IO	A vu pis
IO	Vit sa vie sabotée
IO	Echangea des carpes contre des soles
IODE	Marin finissant dans un phare
IP	Ne manque pas d'adresse pour jouer au chat et à la souris
IPECA	Un donné pour un rendu
IPECA	A rendre si on l'a pris
IRE	Faisait bouillir la soupe au lait
IRENE	Il s'en faut de peu qu'elle soit reine
IRES	Rognes de vieux manuscrits
ISEUT	Son amour fut attristant
ISLAM	Hisse l'âme ?
ISOLEMENT	La quarantaine passée, il n'est plus nécessaire
ISOLOIR	Petit endroit où l’on va seul
ISOLOIR	Pièce à conviction
ISOLOIRS	Cabinets fermés, ouverts le dimanche
ISSUE	Porte secours
ITALIEN	N'a plus besoin de lire
ITINERAIRE	Un crochet l'allonge
IVRE	Beurré avec des toasts
IVROGNE	Déteste voir verser des larmes
IX	Neuf vieux
IX	Neuf et presque dix
IX	Neuf dans l'ancien
J	
JACTA	Parla en argot, pas en latin
JE	Sujet ou partie de sujet
JEUNE	Point de sustentation
JEUX	Ils connaissent aussi bien les échecs que la réussite
JOURNALISTE	Plume de canard
JUGE	On ne peut pas lui demander de travailler sans arrêt
JULES	Romains ou césar
JUS	Sorte d'autocuiseur
K	
KEPI	Doublement couvre
KILOS	Ils sont plus faciles à gagner qu'à perdre
KIR	Devrait se boire religieusement
L	
LA	Article en réclame
LABORANTINE	Une femme entre dosages
LABOUR	Il dépend de la tranche d'age
LAIE	A l’origine de bien des ragots
LAINE	Même vierge et pure, elle se laisse peloter
LAINE	Ses bas sont bons pour l'avarice
LAIT	Son frère n'en est pas vraiment un
LAITIERE	Prouva jadis que la spéculation peut ruiner les petits porteurs
LAITUE	Herbe à travers laquelle dieu se plaît à récompenser le bon et à punir le méchant
LAME	Toute en eau ou bien trempée
LARMES	Mouillent la surface du globe
LARRONS	Produits d'occasion
LAS	Prêt pour la mise en page
LATIN	Perte déplorée par bien des gens qui ne l'ont jamais possédé
LEGATAIRE	Il s'enrichit après une perte
LEGATAIRE	Il n'y en a pas sans feu
LEGISTE	Ouvre le feu
LEGISTE	Inspecteur d'académie
LEGITIME	Juste une moitié
LEGS	Il est d'autant plus généreux que son auteur était avare
LEGUME	Potentat ou impotent
LEGUME	Se féminise en grossissant
LENDEMAIN	Bien des choses y sont remises
LENDEMAIN	Ne chante pas en solo
LENDEMAINS	Anciens chanteurs engagés
LENTEMENT	C'est sans doute de cette manière qu'il faut chercher des poux dans la tête
LESIONS	Internes dans les hôpitaux
LETTON	Comment l’est
LETTRE	Ce n’est pas parce qu’elle est minuscule qu’elle est petite
LETTRES	Les plus noires proviennent des plumes des corbeaux
LETTRES	Trois dans un duo, quatre dans un trio !
LEVRES	Rougissent quand elles reçoivent le bâton
LI	Pastis romain
LIBELLULE	A quatre l et quatre ailes
LIBRE	N’a pas du tout le même sens dans l’enseignement et dans la pensée
LICENCE	N’a pas du tout le même sens pour l’étudiant, le poète, le sportif ou le limonadier
LICENCIE	L’être n’empêche pas de l’être
LIDO	Vue à venise, revue à paris
LIE	Boue ou noue
LIED	Mahler le fit avec bonheur
LIEU	Dit, pas commune ou dit souvent, commun
LIEU	Stable sur la terre, mobile dans la mer
LIEUX	On les vide toujours en partant
LIMOGES	Lourdes ou une autre ville de france
LIMOUSINE	Peut avoir deux jambes, quatre pattes ou six places
LINCEUL	Couvre feu
LINO	Un acteur qui pourtant ne se laissait pas marcher dessus
LINO	Substitut du parquet
LION	Animal à part
LIRE	C’est se mettre à l’ouvrage
LISETTE	On lui refuse toujours ça
LIT	Partagé par la moitié
LIT	Page ou est à la page
LIT	Le fait peut
LIVRE	Il peut en peser une
LOCATAIRE	Loue des pièces qu'il n'apprécie pas forcément
LOCATION	Jouissance sans vraie possession
LOFT	Usine occupée
LOI	Mesure prise avec un rapporteur
LOI	Elle se débat avant d'être arrêtée
LOIR	Il ne faudrait pas croire que c'est de l'eau dormante
LOIS	Sont en code pour mieux nous éclairer
LOLITA	A la fois écolière et maîtresse
LONGER	Raser sans rasoir
LORELEI	Elle bouleversait par l'oreille, étant elle
LOSANGE	N’a aucun droit
LOSER	Joueur plus doué pour les échecs que pour les réussites
LOT	Peut être doublement liquide
LOTI	Eut une vie d'ancre et d'encre
LOTO	Des grilles qui peuvent ouvrir sur de belles perspectives
LOTUS	Ne peut pas se conduire dans sa position
LOUIS	Après les francs, ou avant le franc
LOUISE	Poire si elle est bonne
LOUP	Avec ou sans masque le jeune est ambitieux, mais la mer le rendra vieux
LOURDE	Porte ou pas facile à porter
LU	Le milieu d'un volume qui le sera
LU	Avec les yeux ou quatre oreilles
LU	Feuilleté ou biscuit
LUCARNE	Jour de faîte
LUCARNE	Un petit coin dans les bois
LUEUR	Peut supposer que tout espoir n'est pas perdu
LUNE	Un croissant ne suffit pas à ce qu'elle soit pleine
LUNE	Ses quartiers sont déserts
LUNE	C’est du miel quand tout va encore bien
LUNETIER	As de carreaux
LUNETTES	Souvent noires avec deux verres seulement
LUPIN	Une fleur pour arsène
LURONNE	Henri iii lui préférait joyeuse
LUSTRE	Temps…suspendu
LUSTRE	Beaucoup de jours ou beaucoup de lumière
LUSTRES	Années lumière
LUTRINS	Ne sont pas toujours des aigles
LUXE	Race de poule
M	
MACARONI	Pâte en tube
MACHICOULIS	Servait à verser l'huile sur la salade
MAGAZINES	Objets de consultation gratuite en cabinets médicaux
MAJOR	Premier d'un concours ou premier ministre
MAJUSCULE	Capitale d'etat
MALAISE	Indonésienne ou ça ne va pas
MALHEUR	Bon à quelque chose
MANCHE	Mauvais conducteur
MANCHETTE	Concerne triplement un auteur de la série noire faisant du karaté en première page d’un journal
MANET	Artiste à l’olympia
MANIFESTANTS	Troubles de la circulation
MANSARDE	Chambre haute
MARAT	Rencontra une femme fatale
MARAT	Fut emporté par une lame en se baignant
MARECHAL	A bien mérité le bâton
MAREE	Mouvement de grève
MARIAGE	Un oui pour un nom
MARIAGE	État ou condition d’une communauté comportant un maître, une maîtresse et deux esclaves, l’ensemble ne faisant que deux personnes
MARIELLE	Il a souvent été sur les planches, mais cette sœur de christine était sur d'autres planches
MARINADES	Pour les cuissots mais pas pour les cuisseaux
MARSEILLAISE	Son accent est aussi reconnaissable que ses accents
MAT	Constat d'échec
MATELOTS	Mousses qui se forment sur la mer
MATERNITE	On y accueille le fruit du travail
MATERNITE	On peut y voir le jour en pleine nuit
MATERNITE	On y voit le jour la nuit
MATHUSALEM	Etait déjà vieux avant d'avoir de la bouteille
MATRAQUE	A sa réception, il y a souvent un chef
MEACULPA	De confession catholique
MEANDRE	Tourne beaucoup en extérieur
MECENE	Sème le blé pour favoriser la culture
MECHE	On ne peut guère louer celui qui la vend
MEGOT	On cesse de tirer sur lui quand il est à terre
MEMOIRES	Des comptes à régler ou, parfois, des règlements de comptes
MENAGE	Se fait à un, à deux, et parfois même à trois
MENAGEE	La chèvre peut l'être
MENAGERES	Là
MENSONGE	Bout de tissu
MENTON	Une ville qui pourrait être double
MENU	Peut être copieux ou mince, selon le cas
MENU	Ce n’est pas à la cuisine qu’on l’épluche
MENU	Peut comporter du gros poisson mais ne convient qu'au fretin
MENU	Fin ou donne faim
MER	Ses paquets ne sont pas toujours recommandés
MER	On peut la prendre par une anse
MER	Ne manque ni de sel ni de profondeur
MER	On y trouve des fruits et des concombres
MER	D'eau même quand elle est d'huile
MER	S'épluche avant de manger
MERE	Grand quand sa fille le devient
MESALLIANCE	Quand la moitié n'est pas égale
MESS	On n'y sert pas que des sardines
MESSE	On peut y rencontrer des amis fidèles
METEO	Proposée à la carte, peut être pourrie
MEULE	Concerne différemment la paille et le grain
MEULE	Dépôt de gerbes
MEULE	Lourd cylindre ou gros cube
MEURTRIERE	Le jour du seigneur
MIE	Où se dépose la gelée matinale
MIEL	Produit que l'on trouve en rayons
MIEN	Je suis le seul à pouvoir en mettre
MILAN	Noir dans le ciel, rouge et noir sur l'herbe
MILIEU	Moins bien fréquenté que le centre
MILLESIME	Château de cartes
MIME	Il n’est pas homme de parole
MINARETS	On trouve chaussures à leur pied
MINCE	Guère épais, ce qui n'est pas le cas de son homophone
MINUTE	Courte période pour un papillon
MINUTES	Cinq, ça peut faire plus
MISE	Est préférable en train qu'à pied
MISEENPLIS	Elle est plus proche du brushing que du mailing
MITE	Elle a des trous dans son emploi du temps
MOINS VINGT	Quarante à l’heure
MOISISSURE	Elle perd tout ce qu'elle gagne
MOISSON	L'usage de faux n'y est pas répréhensible
MON	Va avec l'épouse mais pas avec la femme
MONGOLIEN	Porteur d'un 21 en trop
MONOGAME	Une moitié lui suffit
MONROE	L’un eut huit ans de présidence et l’autre sept ans de réflexion
MONSEIGNEUR	Pour une pince ou un prince
MONTEENLAIR	Sorte d'alpiniste allant jusqu'à voler
MORNE	Plaine en belgique, montagneux aux antilles
MOROSE	Ne voit pas la vie comme sa deuxième syllabe
MORT	Manque de savoir
MORTIER	L'un sert à construire, l'autre à détruire
MOT	Traître, on ne le croit pas
MOU	Il est souvent bourré
MOU	Attendu d'un greffier
MOULINAVENT	De quoi vous mettre un coup dans l'aile bien sûr !
MOUSSAILLON	Bleu de la mer
MOUSSE	Le bleu de la mer
MOUSSE	Bleu marine
MOUTARDE	Pourquoi pas marmotte pendant qu’on y est ?
MOUTON	Prions pour qu'il tremble
MOZZARELLA	Bonne pâte qui peut faire penser que wolfgang est par mi nous
MTS	La seconde s'y retrouve troisième
MU	A passer avant d'être à nu
MUETTE	Dans le xvi° mais pas vraiment dans le quartier de la grande armée
MULET	Un veau dans l'écurie
MULTIPLICATION	Se pratique avec un signe de croix
MUR	On le fait à la sauvette
MUR	Fait pour sortir ou empêcher de sortir
MURET	Trop facile à sauter pour être enceinte ?
N	
NAGE	Occupation de lieu
NAGE	Avance faite en liquide
NAGEOIRES	Elles servent au bar
NAGEUSE	Fait des pieds et des mains pour obtenir de l'avancement
NAINS	Sont passés de la cour au jardin
NAISSAIN	Occupant d'un piquet de grève
NARVAL	Un membre de la spa ne saurait prendre sa défense
NATALISTE	Favorable au travail des femmes
NATTIER	Auteur de toiles ou de tapis
NATURE	S’oppose au cantonais
NATURE	S'accroche quand elle est morte
NATURISTES	Parfois de belles plantes, mais toujours sans feuilles
NAUFRAGEE	Elle aimait mieux quand on la menait en bateau
NAUSEE	Préavis de renvoi
NAUSEEUSE	Souffre du mal de mère
NAVET	Ne connaît du rush que le pluriel
NAVIGATION	Elle a ses vapeurs
NE	Est venu après le travail
NECROLOGIE	Liste des partis
NEE	Maligne si pas d’hier
NEE	Sortie d'enceinte
NEF	Ne coule pas à paris
NEF	Plus vénérée quand elle est immobile
NEGLIGE	Il n'habille guère ou est mal habillé
NEGLIGENCES	Arrêts de rigueur
NEGRESSES	Les romancières en ont
NEIGE	Sa chute en prépare d’autres
NEIGES	Moins solides quand elles sont en fonte
NELSON	Manchot marin
NEM	Il est toujours fourré au restaurant vietnamien
NENETTE	Se casse ou finira par se caser
NENNI	C'était ouï pour un non
NEON	Apparaît plus visible quand le courant passe
NEPOTISME	Je veux mon neveu !
NERVOSITE	Plus souhaitable pour la voiture que pour le conducteur
NESS	Ce n'était pas l'ami d'al
NESTORIENS	Ne désigne absolument pas les fanatiques de burma
NET	Carré ou rond
NEUF	Forme des preuves
NEVERS	Botte en touche
NEVERS	Cité renommée dans la botte
NEVEU	Rameau adjacent
NEVEU	Se contente d'un peu
NEZ	Coule quand tout est gelé
NEZ	N'a pas une vue précise des choses
NEZ	Coupe la poire en deux
NIAGARA	Un film dont la chute est connue dès le début
NICE	Beau, pour des anglais en promenade
NICE	Agréable en angleterre comme en france
NID	Panier d’œufs
NID	Se fait petit à petit
NID	Œuvre pie
NIE	Parle pour ne rien dire
NIE	Infirme ou dément
NIET	Tintin au pays des soviets
NIET	Sort si ça rase poutine
NIL	Tout pour les egyptiens, rien pour les romains
NINI	Opéra à la bastille
NO	Docteur ou veto
NOBLES	Possédant un permis de port d’armes
NOE	Il s’occupa du liquide et des espèces
NOE	C'est en échouant qu'il a réussi
NOE	Evita la crue, mais pas la cuite
NOE	Monta un sacré bateau
NOISE	N’existe que quand on la cherche
NOISETIER	S’emploie pour coudre
NOIX	Affectueusement vieille
NOM	Reste propre même après avoir été sali
NOM	Ne peut être sali que s'il est propre
NOM	Se prête aux affaires
NOMS	Sont communs à bien des choses et propres à bien des gens
NONAGENAIRE	Fait du vieux avec du neuf
NONAGENAIRE	Du vieux avec du neuf
NONAGENAIRE	Fait du vieux avec du neuf
NONCHALANT	Comme son nom l'indique, peu lui chaut
NOTAIRE	Arrive souvent au dernier acte
NOTAIRESSE	La femme, mais pas la maîtresse
NOTE	Une fausse à éviter en fosse
NOURRISSON	Sa mère n'est plus en couches mais lui, si
NOUVEAUNE	Fruit de la passion
NOUVELLE	Souvent meilleure dans un livre que dans un journal
NU	Ménage ses effets
NU	Resté sans effets
NUDISTE	Est à l'aise mais n'a pas d'argent de poche
NUEE	Fait ombre ou fait nombre
NUIT	Réparatrice ou cause du tort
NUIT	Porte conseil ou porte tort
NUIT	On ne mange pas à sa table
NUIT	Son bonnet n'entre pas dans sa boîte
NULLE	Ce n’est pas une avenue
NULLE	N’est donc pas une avenue
NULLIPARE	Femme sans travail
NUMERAIRE	Du liquide solide
NURSE	Garde du trésor ou agent de change
NURSE	Surveille l'évolution des changes
NURSE	Lange l'ange
NUS	Habillent la cimaise
O	
OBESE	Familier du grand patron
OBI	Borde les côtes japonaises
OBLIGATION	Négociable en bourse, rarement ailleurs
OBTUS	Au
OBTUS	Bien ou pas très ouvert
OBUS	Sert à faire des pendules et des encriers
OCCUPE	Dépite ceux qui sont pressés par un besoin
OCEAN	Mine à raies
OCEAN	Champ de courses
OCEAN	Le loup est familier de ses moutons
OCELOT	Pourtant pas chat de norvège
OCULISTE	Fait payer cher ce qu’on peut avoir à l’œil
OCULISTE	Est assez mal vu de ceux qui le fréquentent
ODER	Ou en allemagne ou en pologne
OEIL	Peut se pocher au beurre noir
OEIL	On a toujours tort d’y mettre le doigt
OEIL	Ne se rince pas forcément à l'eau
OEIL	A jeter, même neuf
OEILDEPERDRIX	Cor de chasse ?
OENOLOGUE	Plus porté sur le cru que sur la cuite
OENOLOGUE	Il donne des prescriptions pour les médocs
OESTRE	Fait devenir chèvre le bouc
OEUF	Un endroit où l’on étouffe !
OEUF	Se brouille assez souvent avec ses semblables
OEUFS	Se battent et se brouillent souvent
OEUFS	Deviennent inséparables quand ils sont brouillés
OEUFS	Paraissent presque toujours avec des coquilles
OEUVRE	On y va à pied pour travailler
OFF	N’est pas officiel et en fait pourtant partie
OFFICES	Bons, ils ne sont pas pour autant couronnés de succès
OGM	Victime de faux et usage de faux
OIE	N’a ni bon pas ni bonne patte
OIE	Fournisseur de plumes pour poulets
OIE	Blanche on peut la faire rougir facilement
OIGNON	N'est plus à l'heure, mais fait pleurer
OISEAU	L'avis de césar
OISILLON	Jeune d'œuf
OLE	Mot de passe
OLE	Est doublé pour les scènes osées
OLECRANES	Permettent de jouer des coudes
OLIVIER	Rameau ou messiaen
OMBRAGE	Ne se prend pas avec plaisir
OMBRE	Objet d’un troc
OMELETTE	Elle en bave après avoir été battue
OMERTA	Donne le choix entre l’or et le plomb
OMOPLATE	Ossement d’épaules
ONASSIS	Richard plus kennedy que nixon
ONDEE	Un pépin pour qui n'en a pas
ONEREUSE	Néfaste à la conservation des espèces
ONGLEE	On la connaît sur le bout des doigts
ONO	Asiatique et proche de la bande des quatre
ONO	La bonne direction pour un des quatre garçons dans le vent
ONU	Ses bonnes résolutions ne sont pas toujours suivies d'effets
ONU	Se retrouve parfois avec des bleus au front
OPALIN	A la fois beau et lait
OPE	Ouverture ou entrée d'opéra
OPEN	Un espoir pour l'espoir
OPERA	Produisit un effet
OPERA	Salle des coffres
OPERETTE	Elle a généralement l’air gai et plein d’entrain
OPINION	N'a pas besoin d'être tranchée pour être partagée
OPTICIEN	Deux verres chez lui pour éviter les dégâts
OPULENTES	Avec avantages en nature ou en espèces
OR	Son pont nous permet de rouler dessus
OR	Matière pour un livre mais plus pour une livre
OR	A été veau avant d’être étalon
OR	Brillante conjonction
OR	Pour un bridge ou un pont
OR	Prix fort
OR	Massif apprécié
OR	Une eau s'en régale
OR	Plut à danaé
OR	Le massif des écrins
ORACLE	Il se mouille parfois mais ne sèche jamais
ORAL	Procès
ORANGE	Souvent pressée dès le réveil
ORANGE	Réunion de quartier
ORANGERIE	Garage à caisses
ORDINATEUR	Pour jouer au chat et à la souris
ORDONNANCE	Elle est exécutée après avoir été délivrée
ORDRE	S'il est exécuté, c'est parce qu'il a été donné
ORDRES	On peut y rentrer pour ne plus en sortir
ORDRES	Employés pour le sabre comme pour le goupillon
ORDURE	Ne va pas seule en boîte
ORDURE	Ménagère dans sa boîte
OREILLE	Pavillon de réception
OREILLE	A vite fait de se tirer quand ça barde
OREILLE	On la prête avec intérêt
OREILLER	En tête de page
ORGANES	Voix de presse
ORIENT	Est poétique
ORIENTATION	A sa table, on voit plus de reliefs que de plats
ORIENTEES	Ne sont pas nécessairement tournées vers l’est
ORIGAMI	Ca ne se fait pas forcément avec le japon
ORIN	Il n'a pas bonne mine, mais il y tient
ORL	Branche pour des rouges gorges
ORNICAR	Personnage de fiction grammaticale
ORNICAR	On ne sait décidément pas où il est
ORSAY	Gare à la peinture
ORTEIL	Appendice servant à détecter coins de portes et pieds de tables
ORTIES	As de pique
OS	Avec un suaire quand ils n’ont pas de linceul
OS	Reliefs des côtes
OS	Carpe mais pas dans un bassin
OS	Carpe que les carpes n'ont pas
OSE	Salé et dessalé
OSEILLE	Fait de la soupe ou de la galette
OSLO	En norvège ou en tchécoslovaquie
OSSA	C'est haut, ça
OSSAU	Dans les pyrénées, mais pas à côté de boucau
OSSELET	L'enclume ou le marteau
OSSUAIRE	Tombe à point nommé
OSTREICULTEUR	Ses affaires ne sont pas toujours claires
OTAGE	Il est ravi sans l'être
OU	Prend l'accent pour demander son chemin
OUAIS	Un des agréments de la vie de tous les jours
OUED	Cours souvent séché
OUED	A souvent des pannes de courant
OUI	C’est d’accord … et c’est entendu
OUI	N'est jamais béni tout seul
OUIE	Où saisir la perche qui est tendue
OURAGAN	Vente à emporter
OURS	Mauvais coucheur mais gros dormeur
OURS	Couvert de poils ou rempli de plumes
OURSE	Il y en a une qu'on traite parfois de casserole
OURSE	Existe en deux tailles
OURSES	Il en est deux qu'on voit beaucoup mieux dans le noir
OUT	Trop long pour un court
OVALE	Comme un ballon d’essai
OXYGENA	Fit prendre l’air naturel ou fit prendre l’air d’une vamp
P	
PACIFISTE	N'aime pas la campagne
PACIFISTE	Trouve vile la campagne
PAELLAS	Ont riz jaune
PAGE	Celui de la comtesse almaviva se serait volontiers glissé dans le sien
PAIE	Casque
PAILLASSON	Pas de porte et pas de dignité non plus
PAIN	Son absence allonge le jour
PAL	Honorable ici, déshonorant là
PAL	Dans l'écu, ce n'est pas douloureux
PAL	Mieux vaut l'avoir dans l'écu
PAL	Dans l'écu, c'est mieux que dans le fondement
PALINDROME	Ressasser par les deux bouts
PANOPLIE	Cela ne saurait être la tenue d'adam
PANTALON	Éclipse de lune
PAON	Roule des mécaniques grâce à ses roues
PAPESSE	Une femme sérieuse comme il n'en existe pas
PAQUERETTE	Marguerite du ras
PARADIS	Un enfer pour le fisc
PAREFEU	N'est pas comme on pourrait le croire une façon d'embaumer
PARIA	Intouchable ou chercha à toucher
PARIA	Exclu ou engagea
PARQUET	Reçoit les plinthes ou les plaintes
PARTICIPES	Lu et approuvé
PARTIR	Il vaut mieux le faire avec la caisse plutôt que d'elle
PAS	Le deuxième est
PASTEUR	Homme du ministère ou homme de l'institut
PAT	Nul aux échecs
PATIENT	Il doit parfois l'être aussi dans la salle d'attente
PATIENT	Normal qu'il passe par la salle d'attente
PATISSIERS	Toutes leurs œuvres ne sont pas feuilletées
PAUPIERE	Monte et descend en un clin d’œil
PAUPIETTE	Elle est bien roulée et on se la farcit
PC	A une souris pour le chat
PECHES	Fruits ou poissons
PEDIATRE	Avec lui les enfants sont toujours patients
PEGRE	Milieu à risques
PEIGNER	Peu efficace sur un grand mammifère on ongulé
PEINES	Se prononcent après que le jury se soit prononcé
PEINTRE	Il peut être aussi habile au pistolet qu'au couteau
PEKIN	Un simple homme ou des millions
PELE	Dépouille une bonne poire
PELE	Il y en avait plus de trois comme lui pour le regarder jouer
PELE	Victime du soleil ou du froid
PELER	Déshabiller ou devoir se rhabiller
PELES	Ils sont généralement quatre plus un qui ne vaut guère mieux
PELOTON	Le fugitif qui y échappe ne court pas le même risque que celui qui s'en échappe
PENTHOTAL	Pour dire la vérité, il n'a rien à voir avec le pain complet
PEPIN	On le crache mais on ne crache pas dessus sous le crachin
PERCHE	Habite
PERCHE	Il donne l'eure et elle vit dedans
PERDRE	Etre du groupe des sans gain
PERE	Il est beau avant d'être grand
PERI	Il l'a fait héroïquement
PERLE	Bonne bonne
PERMIS	Comporte des points de suspension
PERSAN	Chat ou langue de shah
PERTE	Peut être sèche, même si elle concerne du liquide
PETIT	Belle enseigne pour une boutique, comme inspirant la confiance
PETS	Des bruits qui ne seraient pas sans fondement
PEU	Il arrive qu’on s’en excuse
PEU	Correspondant de guère
PHARE	Tour des côtes
PHOTOMATON	La rapidité de son développement explique qu’il se soit développé rapidement
PI	N’est pas un nombre rond, quoique…
PI	Chiffre rond
PIAF	Grande chanteuse ou petit chanteur
PIANISTES	S’il n’y avait pas de facteurs, comment pourrait
PIANO	Plus cher s’il a toute sa queue
PIANO	Moins cher quand il est droit
PIECES	Plus petit à la plage qu’en ville
PIECETTES	Gain de manche
PIED	Partie de verre ou de vers
PIED	Pour le vers, le verre et même le vair !
PIERIDE	Naît parfois dans les choux
PIEU	Lit d'un religieux ?
PIEU	Horizontal ou vertical
PIGEON	Vole au jeu ou est souvent volé
PILA	Ecrasa ou tenta de ne pas écraser
PILE	Face à face
PION	Sa transformation soudaine en dame n'a rien à voir avec sa sexualité
PIPE	Préférable fendue que cassée
PIRATES	Voguaient hier, surfent aujourd'hui
PISE	Ce n'est pas le matériau de sa tour
PISSEFROID	Il ne fait pas chaud
PISSENLIT	On veut bien s'en tenir à ses bonne feuilles, sans aller plus bas
PL	Ronde de nuit
PL	Cas d'astre
PLAINTE	On la porte pour la déposer
PLAN	Dessin ou dessein
PLAN	Le b n'est pas l'initial
PLAN	Quand il est général, il est plus large que gros
PLAT	Se fait dans la cour ou dans la cuisine
PLATANE	Essence néfaste à de nombreux moteurs
PLATANE	Essence qu'on trouve au bord des routes
PLATEBANDE	Un navet en deux mots ou pourrait y pousser
PLATREE	Donc plus lourde après réduction
PLI	Levée pour la bataille
PLINTHE	Mise au pied du mur
PLOMBIERS	Se chargent souvent de gros cumulus blancs
PLUS	Stop ou encore
PM	Pas matinal
PNEUS	Leurs sculptures sont relativement fragiles
POEMES	Vers à pieds
POEMES	Séries de verres à pieds
POIRE	Un simple déplacement en fait une proie
POIRE	Comice ou conférence
POISSONS	Engluons
POLAR	Dévoré par les amateurs de poulets
POLE	On pourrait en baptiser un emile victor
POLICHINELLE	Quand il n'est pas dans le tiroir, ses secrets sont connus de tout le monde
POLISSONS	Pas sages ou faisons des passages répétés
POLITIQUE	Conflit d’intérêt déguisé en lutte de principe conduite des affaires publiques pour le profit de particuliers
POLOCHONS	Se jettent dans la bataille
POLYGAMES	Hommes à femmes
POMME	Sur des ordinateurs ou sur le mini tell
POMPEE	Puisée ou épuisée
PONEY	Modeste conquête pour un premier temps
PONT	Avec des piles pour aller en face
PONT	Ce n'est pas parce qu'il est suspendu qu'il n'est plus en service
PONTE	Des œufs ou une huile
PORTE CLE	Invention très pratique permettant de perdre toutes ses clés d'un coup au lieu de les perdre une par une
POSSESSIF	Caractérise un certain ton et un certain son
POT	Peut quand même avoir des oreilles
POTE	Rencontre toute désignée pour prendre un pot
POURRITURE	Perd ce qu'elle gagne
POURRITURE	N'est noble que chez les bordelais
PREEMPTION	Sorte de pouvoir d'achat
PRESCRIT	A suivre ou à ne pas poursuivre
PRESENT	Réponse à la portée d'un cancre
PRET	Plus intéressant s'il est sans intérêt
PRIAPISME	Ne va pas sans un excès de raideur
PRIAPISME	Développement durable
PRIMIPARITE	Premier arrondissement
PRINCE	Le bon est accommodant
PRINCESSE	Fait les frais de bien des déplacements
PRINCIPAUTE	État de caroline du sud
PRISE	D’usage courant
PRO	Il est toujours pour, mais pourtant il n'est jamais amateur
PRODUITS	Leur vie commence vraiment quand ils sont finis
PROGRAMME	Un menu ne contenant en principe aucun morceau de bœuf
PROIE	Casse
PROIE	Repas à emporter
PROMIS	Futur du passé
PROSTITUTION	Transports commerciaux
PRUDE	Pas mûre pour des vertes
PRUNES	On travaille pour elles si tout notre salaire passe en elles
PS	Parti ou partie dans les lettres
PSEUDO	Appellation qui n'est pas d'origine
PSYCHANALYSE	Un examen auquel on est sûr de se faire étendre
PUR	Se dit du porc mais pas du cochon
PUTSCH	Coup de main pas toujours apprécié
Q	
QUAI	Pour rouler le diable !
QUATORZIEME	Bienvenue à table !
QUINTE	Plus souhaitable en main qu'en gorge
R	
RADAR	On peut voir des vedettes sur son écran
RADAR	Dénonce certains excès
RADE	Eau ou café
RADE	On y mouille ou on y écluse
RADIN	Rat ou chien
RADINE	Ramène sa fraise, garde ses radis
RADIO	Image et son mais jamais en même temps
RADIS	Le rose et le noir
RAFLE	Oppose les poules aux poulets
RAIDE	Difficile à gravir ou à descendre
RAIDEUR	Le défaut de la cuirasse
RAIL	Nous met sur la voie mais rarement tout seul
RAISON	Toujours sociale pour une société
RAISON	Subsiste après en avoir passé l'âge
RAMONEUR	Avec lui le grattage permet de gagner au tirage
RANCON	Somme pour récupérer
RANG	On y rentre après s’être distingué, ou on en sort
RANI	A son mari et son sari
RANIMEE	Dans les pommes, on lui a rendu la pêche
RARE	Il y a un oiseau qui l’est
RASEE	Frisée ou impossible à friser
RASEUR	Personne qui parle quand vous souhaitez qu’elle écoute
RASOIR	Arme tranchante à feu
RAT	Personne ne tient à être fait comme lui
RAT	Fait des entrechats
RAT	Pas chaud pour ce qui est frais
RAT	Bouffe le blé ou en prend grand soin
RAT	Fréquente des caves mais aussi des bibliothèques
RAT	Il se montre pingre avec sa souris
RAT	A l'hôtel, mais pas en tant qu'étoile
RATA	Ne réussit pas ou n'est guère une réussite
RATE	Abats ou manque
RATISSAGE	Beaucoup plus inoffensif au jardin qu’en campagne
RATON	Dilate la rate
RATS	Devancent largement le capitaine
RATURE	Le commencement et la fin de toute littérature
RAVI	On ne l'est pas quand on l'est
REA	Permet de lever ou de se relever
RECALER	Etendre après avoir fait sécher
RECEL	Détention pouvant conduire à la détention
RECEPTION	On ne l'accuse pas sans preuve matérielle
RECIDIVISTE	Pour le violon, il connaît la musique
RECORD	En détention provisoire
RECURRENT	Qui revient mais pas forcément à la plonge
REECRIRE	Avec l'histoire, c'est possible
REELU	Ce que n'a pas à être le saint
REGIME	Réparateur de lignes en dérangement
REGULIERE	Moitié du milieu
REIN	Son calcul oblige à connaître certaines tables
RELAYEURS	Ne peuvent éviter les témoins
RELEVE	Son arrivée provoque un départ
RELIES	T'exprimes non sans chagrin
RELIGIEUSE	Evoque aussi bien un voile qu’une mante
RELIGION	Se décline en plusieurs fois
RELIURE	Exige des nerfs solides
REMARIAGE	C'est encore une union, ou plutôt une réunion
REMI	Réalisa la conversion du franc
REMUEMENAGE	Incident conjugal ?
RENALES	Des insuffisances pour julien sorel ?
RENARDEAU	Avant on ne l'appelait quand même pas goupillon !
RENDEZVOUS	Avec lui on hésite entre l'ordre intime et l'ordre intimé
RENFLOUEMENT	Sort des fonds ou en apporte
RENI	Guide pour amateur d’art
RENTABLES	Quand les choses le sont c’est qu’il y a un certain rapport
RENTREE	Revenue ou revenu
REPAS	C’est après l’avoir saut é qu’on se sent léger
REPASSEUSE	Dame de fer
REPETITION	C’est du travail avant de jouer
REPLIQUE	Double sauf sur scène
REPONDEUR	Il n'est pas là quand on l'interroge
REPRISE	Stoppeou encore !
REPRODUCTION	C'est quand elle est fidèle qu'elle peut nous tromper
REQUIEM	Œuvre d'art et décès
RESISTANCE	Mitraille dans sa poche
RESOLUE	La question peut l'être par une femme qui l'est
RESSASSER	Infinitif qui est un palindrome
RESSENT	Perçoit ou perçoit encore
RESSORT	Ne joue pas quand il est fatigué
RESTAURANT	Participe à la guerre des étoiles
RESTAURATION	Régime ou absence de régime
RESTO	Là, ce n'est pas le chef qui commande
RETENUE	Supplément de travail ou réduction de salaire
REUSSITES	Vous pouvez en connaître aux échecs et des échecs en les faisant
REVENUS	Rentrés ou rentrées
REVERS	C'est quand il les réussit que le tennisman les évite
REVIENS	Nom courant d’une chose prêtée
REVISER	Repasser pour ne pas avoir à repasser
REVISION	On ne suit plus ses conseils
REVUES	Spectacles à plumes et à poil
RHESUS	Plus ou moins
RHONE	Arrose son sillon
RI	Centre de tourisme et de pèlerinage
RI	Douteux quand le pour est contre
RIA	Encaissement de liquide
RIDE	Ligne de front
RIDE	Finit par gagner sur tous les fronts
RIDES	Avec le temps, elles gagnent sur tous les fronts
RIDOIR	Provoque des tensions à bord
RIEN	N’habille que les plus belles
RIEN	Ne va plus au casino
RIEN	Ne va plus à monte carlo
RIMAILLEUR	Cherche ses pieds sur ses doigts
RIME	Pour elle le crime est parfait
RINCE	Mouille ou à sec
RING	Scène du direct
RING	On y entre avant de frapper
RING	Avec des cordes, en sport comme en musique
RING	Il attire les mouches
RING	Circulaire à vienne, carré partout ailleurs
RIPER	Manière de chasser sans fusil
RIRE	Le jaune ne lui va pas très bien
RIRE	Ses crises le rendent fou
RIRE	Cela doit être doublement impressionnant chez la baleine à bosse
RIS	Se prend dans un vol
RISEE	Brise ou fait mal
RISEE	Le vent moqueur ?
RISQUES	Pour eux il ya une couverture
RIVERAIN	Peut avoir fenêtre sur cours
ROBE	Rallonge le soir
ROCADE	Ceinture avec des bretelles
RODE	Tourne autour ou commence à faire tourner
RODER	Mettre au point du neuf ou chercher des occasions
ROITELET	Son épouse est
ROMAN	Un style ou un genre
ROMANPHOTO	On peut quand même lui reprocher d'abuser parfois des clichés
ROMANS	Il y en a de gothiques pourtant
ROMEO	Évitait d’emprunter l’escalier
ROND	Sou ou soûl
ROND	Figure de la révolution
RONDE	Tour de contrôle
RONDEMENT	Carrément
RONDIN	Finit souvent en cabane
RONFLEMENT	Musique de chambre peu intéressante
ROSACES	On n’en voit guère dans le roman
ROSE	Le vieux n’est pas tendre
ROSE	Crevette ou saumon
ROSE	Son eau est plate
ROSE	Il est moins vif quand il est vieux
ROSE	Couleur chère à toulouse et à lautrec
ROSEE	Dépôt de liquide
ROSSIGNOL	Agréable à écouter mais difficile à écouler
ROSTRE	Nez qui coule
ROT	Avant le fromage ou après le dessert
ROT	On le préfère avec l'accent à table
ROTOR	Tourne dans n'importe quel sens
ROUND	Reprise au crochet
ROUND	Temps du direct
ROUTARD	Rogne sur les frais de déplacement
ROUTE	Elle ne pardonne pas quand on la quitte
ROUTE	On y utilise un code ou deux
ROUTINE	Ennui mécanique
RU	Court d’eau
RU	Gazouille dans son petit lit
RUE	Elle risque de se soulever quand on y descend
RUE	Ceux qui sont remontés y descendent
RUGBY	Où l'élément central ne tourne pas rond
RUGBY	Milieu pour un ballon d'essai
RUMEUR	Alimentée par voie orale
RUMEUR	Transpire avant même de courir
RURALE	Souris des champs
RUSSIE	La blanche l’était encore plus en hiver
RUSTINE	Petite pièce attenante à la chambre
RUSTINE	Petite pièce qui prolonge la chambre
S	
SABRE	Mieux vaut ne pas le tirer au clair
SACERDOTAUX	Les habits qui le sont ne sauraient remplacer une renault ou une citroën…
SACRE	Bénit ou blasphème
SADE	Dans le vice il versa
SAGE	Eclairé mais pas illuminé
SAINT	Rien n’est plus secret que celui de plusieurs
SAINT	Peut être en chasse
SAINTE	Une terre sacrément convoitée
SAISI	Pris par l'effroi ou passé au four chaud
SAISIE	Prise ou surprise
SALADIER	La romaine s'y fatigue, pas la russe
SALAIRE	Gain de place
SALE	Petit que les lentilles ne font pas grossir
SALISSANT	Propre mais pas pour longtemps
SAMOURAI	Solitaire dans le cinéma français mais pas dans le cinéma japonais
SAND	S'est fait un nom en privant d'eau son jules
SANG	Rouge même s'il est bleu
SANITAIRE	On ne tire pas sur ce cordon
SANSABRI	Ne trouve peut
SANSEVERINA	Elle aimait trop le parmesan
SANTE	On finit par la retrouver quand on est patient
SANTONS	Tout le monde sait où ils crèchent en provence
SAOULE	Noire ou ronde
SAPIN	Beau de l'air
SAR	Poisson ou dauphin
SARCELLES	Quelques oiseaux ou beaucoup de gens
SARCOPHAGE	Bière de luxe
SARDINE	A pu fréquenter les bars avant d’aller en boîte
SARDINE	Perd la tête quand on la met en boîte
SARDINE	L'adjudant en prend pour son grade
SARDINE	N'est plus au large quand elle n'y est plus
SARMENT	Bois du vin
SATANE	Sacré ou damné
SAUT	Quand il est de carpe, se passe de perche
SB	Un symbole qui n'a rien d'anticlérical
SCANDALE	Eclabousse parfois quand il éclate
SCANDINAVIE	Où il ya hamlet et omelette
SCEAU	De cire ou de sire ?
SCENE	Vous expose à des poursuites
SCIE	Entre par les oreilles, sort par les yeux
SCIER	Couper à travers bois
SCIPION	Un grand robert qui nous oblige souvent à aller regarder dans le petit
SCORE	Il faut tirer pour l'ouvrir
SCORE	Sans but il est nul
SCRUTIN	Opération mettant fin à la campagne
SE	Fin de la jeunesse, début de la sénilité
SE	Pour faire un gâteau avec un moule
SEANCE	On la suspend en la levant
SEANCE	Nul besoin d'être adroit pour l'ouvrir, nul besoin d'être costaud pour la lever
SEANT	Tout à fait convenable même si l’on s’assoit dessus
SEC	Mieux pour le gâteau que pour le pain
SEC	Paradoxal quand il s'agit de boire
SECHE	Ne va pas en cours ou n'en a plus
SECHERESSE	Preuve de trop de chaleur, ou manque total de chaleur ?
SECHERESSE	Arrive sans précipitation
SECHOIR	Une salle d’examens remplie de cancres ?
SECRETAIRE	A deux bras ou quatre pieds
SECRETES	Répands, mais non répandues
SEDUIRE	Tomber en courant
SEIN	L’éminence qui grise
SEIN	Souvent coiffé d’un bonnet
SEIN	Relief sur les côtes, mais plate au large
SEINE	Grand fleuve ou filet d’eau
SEINE	On n'y pêche pas la sardine mais utile pour pêcher la sardine
SEISME	Casse
SEL	Le demi s'affiche dans les bars
SEL	Pour la conservation ou la conversation
SELECTIF	Ne mélange pas le vert et le verre
SELON	Vient après la passion
SEMELLES	Protectrices des plantes
SEMENCE	Dans les clous ou dans les choux
SEMI	Ca raccourcit, sauf pour les routiers
SEMOULE	Vaut le yaourt pour un usage non alimentaire [pédaler]
SENATEUR	Change de train pour prendre le tgv
SENIOR	Un sportif le devient bien avant les autres
SENS	Aucun des cinq n'est le bon
SENT	Flaire ou fleure
SEPTENNAT	Le compte des années de malheur
SEREINE	Calmement ne voit
SERENADE	Peut faire choisir la brune pour l'amour d'une blonde
SERIEUSE	Telle une papesse
SERIEUX	Peut donc ne pas s'abstenir
SERPE	Outil de grande taille
SERRE	Pavillon de flore
SERRES	Ont des baies plus grandes que leurs feuilles
SERVICES	Rendus sans être empruntés
SERVIETTE	Se met à table dans les meilleurs restaurants même quand elle n’a pas un rond
SESAME	Il entre dans une galette ou il permet d'y accéder
SET	Manche avec revers
SEUL	Candidat à la réussite, pas aux échecs
SEVE	Liquide en fût
SEVE	S'élève dans des fûts de chênes
SEVERITE	C’est grave avec plein d’accents aigus
SEVICES	Marquent à tous les coups
SEXE	Un simple numéro pour la sécu
SEXES	Leur différence ne doit pas empêcher leur égalité
SHAMPOING	Le propre du chef
SHED	Montre les dents au chien assis en face
SHED	Couverture pour une filature
SHERPA	Travailleur à la chaîne
SHERPA	Monte des blancs en neige
SI	La seule note de musique
SIAM	Ancien pays, mais sur le retour
SIECLE	Même celui des lumières n'avait pas plus de vingt lustres
SIEGE	Investissement à plus ou moins long terme
SIEN	Il n’y a qu’un tiers pour en mettre
SIENNE	Elle a de la terre, mais pas la mienne
SIENNES	Bêtises à faire
SIESTE	Somme en supplément
SIESTE	Pause au logis dit le médecin
SIESTE	Fait s'allonger après être passé à table
SILICOSE	Mine des mineurs
SIMON	Saint en série ou en littérature
SIRENE	Chanteuse de charme sur les ondes
SIRENE	Elle hurle plus souvent qu'elle ne chante
SITE	Point de vue à respecter
SITIN	Occupation des sols
SIX	Cinq à sept
SIXIEME	La première du secondaire
SKI	Ses amateurs n’aiment pas la soupe
SKIE	Peut suivre une noire toute blanche
SLEEPING	Chambre pour voyageur
SLIP	Porte un petit bateau ou un grand navire
SLIP	Sape un fondement
SOIFFARD	Toujours à l’affût d’un canon
SOIGNER	Traiter ou bien traiter
SOLEN	Couteau dans la lame
SOLITAIRES	Certains brillent en société, d'autres l'évitent
SOLO	Passage à voix unique
SOMMELIER	Ses propos sont souvent très crus
SOMMETS	Points communs à g7 et k2
SON	Trouve preneur
SORT	S’acoquine volontiers
SORTS	Sont jetés avant d'avoir servi
SOS	De quelque côté qu’on le prenne, c’est toujours un appel pressant
SOS	Morse marin
SOT	Jugé sans jugement
SOUFFLE	Plus on court, plus il est court
SOUFFLE	A des retombées décevantes
SOUFFLEUR	Est là pour les verres et les vers
SOUFFLEURS	Ils ont des trous ou évitent des trous
SOUK	Marché avec marchandage
SOUPIERE	A des fréquentations louches
SOUPIERE	N'a pas les yeux plus gros que le ventre
SOUTENEUR	Son casse
SPARADRAP	Une bande spécialisée dans les petites coupures
SPERME	Liquide qu'on peut déposer à la banque
SPERME	Eau de vie
SPI	Claque en cinglant
SPIRITE	Cherche à faire preuve d’esprits en se mettant à table
SPRINT	C’est la lutte finale
STADE	Comble pour une finale
STAEL	Germaine et germanophile
STAGE	Le rapport peut en être excellent et la rémunération nulle
STAGE	Souvent pauvre comme job
STALINE	Feu rouge
STAR	Soignée aux cachets
STAR	Augmente les coûts de production
STARTUP	Pousse dans une pépinière
STATIONNEMENT	Attire les papillons devant un bateau
STATIONSERVICE	Son essence justifie son existence
STATUE	Rude travail
STATUE	Décide ou reste impassible
STATUE	Sort parfois nue de chez le tailleur
STEAMER	Vapeur d’eau
STENDHAL	Il a tout du shetland
STERE	St des bûcherons
STERER	Compter ses billes
STERILE	Nul en multiplications
STERILE	Atteint d’un mal non héréditaire
STERILETS	C’est inconcevable ce qui se passe avec ces trucs
STERILISE	Travaille à la conservation, mais pas à la conservation des espèces
STICK	Pour le hockey ou le jockey
STORE	Surface déployée en fonction des rayons
STRAPONTIN	Ce n’est pas une place forte et c’est pour cela qu’on lève le siège
STRAPONTIN	Ne s’abaisse jamais devant quelqu’un d’important
STRING	Eclipse partiellement la lune
STUPIDITES	On perd tout crédit à les débiter
SUAIRE	Pare feu
SUAIRE	Habille en partant et en revenant
SUE	Retenue ou évacue
SUIE	Ne fait pas le bel âtre
SUIE	Chassée par les hérissons
SUISSE	Les coucous n'y volent pas
SUISSES	Mangent leurs petits
SUITE	Ce n’est pas pour la sienne qu’un nabab la loue
SUITE	On peut procéder à un classement sans
SUITE	A son droit
SUITE	On montre peu d'intérêt à ne pas la donner
SUPPLICIEE	Elle connaît la question
SURDITE	Ouïe qui dit non
SURREALISTE	Breton manifestement
SUZE	Ne fait comme son homologue que lorsqu’on en sert !
T	
TA	Avec le bac son passage n’est guère prisé
TABLERONDE	Ce n'est pas seulement une conférence, c'est aussi une circonférence
TACHERONS	Si c'est un verbe, le travail sera peut
TACITE	S'exprimait
TAIE	Enveloppe sur laquelle on pose des étiquettes
TAIE	Sous les oreilles ou sur les yeux
TAILLEUR	Dans une pièce il coupe les effets des autres
TAIN	Couche sur le dos, histoire de voir
TAMISE	Ne passe pas qu’à londres
TAMISE	Passe en france, coule en angleterre
TAMPONNEUSE	Une auto où les collisions sont assurées
TANDEM	Petite reine siamoise
TANK	Char de l’etat
TAON	Suspend parfois son vol
TAPINOIS	Une curieuse façon d’arriver
TARE	Peut faire rater ou raté raté
TARI	Sans filet
TARTARE	Pour l'amateur de bon cru
TARTE	Quand ce n’en est pas, c’est « coriace », et quand ça l’est, c’est pas terrible non plus
TAS	Pile pour accumulateur
TATONS	Une façon de compter sur ses doigts
TATOUEUR	Illustre l’académie
TAULARD	Aime les oranges mais pas les quartiers
TAUPES	Font se gondoler le parterre en travaillant pour la galerie
TAUX	Directeur à la banque centrale
TAXI	Les courses lui sont toujours d’un bon rapport
TAXI	Il faut l'appeler par son nom
TAXI	Voiture de course
TAXI	Lève son drapeau en signe de liberté
TCHIN	Va par paire pour des verres de contact
TE	A des feuilles sous ses branches
TE	La fin et le moyen pour l'architecte
TE	Du bois sur les feuilles
TECHNO	Fait pousser des raves dans les champs
TEE	Risque toujours de se faire expulser par le club
TEE	Se plante mais ne se récolte pas
TEINT	A un fond de coquetterie
TEINT	Son fond est en surface
TEINTURIER	Fournisseur de pièces détachées
TELE	Les chaînes s'y développent
TELECABINE	Monte ses œufs en neige
TELEOBJECTIF	Rapproche les points de vue
TELEPHONE	S’emploie toujours avec l’indicatif
TELEPHONE	Invention du diable qui annule certains des avantages que l’on trouve à tenir à distance une personne désagréable
TELESCOPE	Permet de voir loin ou ne voit pas loin
TELEVISION	Captive avec ses chaînes
TEMOIN	Perd toute valeur s'il est acheté
TEMPERATURE	On vous la prend si vous en faites
TEMPERATURE	On la prend généralement à ceux qui en ont trop
TEMPS	Pas toujours recherché par celui qui l'a perdu
TENEBRES	Elles ont fourni une affaire à balzac
TENTACULE	Bras de mer
TENTE	Attire et pas seulement un campeur
TENTE	Une des rares choses qu’on peut planter dans le désert
TENTE	Cherche à réussir ou se plante
TENU	Ne pourra plus l’être s’il l’est trop
TERMINALE	Tout de suite après la première ou tout à fait à la fin
TERMINALE	Prélude de bac
TERRE	Ses vers n'ont pas de pied
TERTRE	Au
TEST	Coquille ou pour éviter d'en commettre
TESTAMENT	On en attend parfois impatiemment l'ouverture
TESTATEUR	Feu à volonté
TESTICULES	Parties du taureau et partis du boeuf
TETE	Une mesure pour la victoire
TETER	On a tous commencé par là
TETER	Prendre à la gorge
TEXAS	Un coin pour ranger
THE	Quand on en a envie on s’en passe
THE	Doublement article en angleterre
THEATRE	Planches à billets
THERMOSTAT	Avec lui on a peut
THON	Devrait se méfier des mers d’huile
TIARE	Jeanne serait la seule femme à s’en être coiffée
TIEDEUR	Décevante réaction à show
TIEN	Pas du genre à trinquer
TIEN	Quand on lui donne la main, on n'a plus à lui donner le sou
TIGE	Elève la pensée
TIMBREPOSTE	Parcourt le monde entier en restant dans son coin
TIR	A de mauvais ou de bons éclats suivant le sens
TIR	Nourri, vous coupe l’appétit
TIR	Exclusivement nourri aux pruneaux
TIR	Feu de position
TIR	Ce n'est pas celui qui le règle qui paie la casse
TIR	On y inscrit son adresse sur un carton
TIRAGE	Ranime la flamme ou jette un froid
TIRAILLE	Fait comme au sénégal autrefois
TIRE	Moyen de voler ou de rouler
TIRE	Bouchon
TIRET	Unit ou sépare
TIRET	Trait de pince
TIRET	Il y en a un au sous
TIRET	Partage le casse
TIREUR	Peu loyal quand il est franc
TISANE	Thé d’oreiller
TISSUS	Ne sont pas imprimés pour être lus
TOAST	Peut être porté avec un smoking
TOAST	Est porté à boire
TOC	Il vaut mieux le doubler si on espère entrer
TOC	Rivière sans eau ?
TOC	A une valeur nulle
TOGO	Y aller en anglais relève du pléonasme
TOILETTE	Si elle n'est pas habillée, elle se fait nue
TOLE	Ses ondulations ne sont pas naturelles
TOLERER	Supporter sans être supporter
TOLLE	Général de division
TOLLE	Généralement général
TOLLE	Général de protestants
TOLLE	Produit d'un accord dans le désaccord
TOMBEAU	Ouvert pour foncer
TOMETTE	Hexagone de france
TONGS	Claquettes qui ne permettent pas d'en faire
TONITRUANT	Rien à voir avec un gangster nommé antoine, à moins qu'il ne fasse beaucoup de bruit
TONSURE	Cercle religieux
TONUS	Patate, frite
TORRENTS	Cours accélérés
TORT	Plus facile à donner qu'à partager
TORT	Donné sans espérer de remerciement
TORVE	Ce n’est pas un droit de regard
TOSCA	Sans nini, qui va la diriger ?
TOTALITAIRE	Mieux vaut ne pas suivre ce régime
TOUCHER	Sens du contact
TOUPET	Est proche du front au propre comme au figuré
TOUR	Prouve que dans le cochon tout n'est pas bon
TOURNEE	Mouvement de troupe
TOURNESOL	Il va vers la lune ou vers le soleil
TOUTEFOIS	Annonce des restrictions
TOUTOU	Je suis partout
TRACTION	Avant pour les gangs, avant
TRAHISON	Haute, elle fait preuve d'intelligence
TRAIRE	Tirer le meilleur du pis
TRAIRE	Aller de pis en pis
TRAITEMENT	Mieux vaut le recevoir que le suivre
TRAITES	Des éleveurs en tirent de quoi en payer d'autres
TRANQUILLISANTS	On est souvent agité avant de s’en servir
TRANSAT	Epreuve sportive ou pour se reposer après
TRANSAT	Plus fatigante au féminin qu'au masculin
TRANSI	Peut être amoureux
TRANSI	Gelé ou enflammé
TRANSI	Ce n'est pas l'amour qui le réchauffera
TRANSPLANTE	Neuf de cœur
TRAVERSIN	En tête de page
TRAVERSIN	Long en large
TREMA	Est toujours présent à noël
TREMA	Il domine le centre du zaïre
TREMA	Est en phase finale dans une crise aiguë
TREMA	Points communs au shintoïsme et au maoïsme
TREMA	Grains de maïs
TREMA	Signe d'archaïsme
TREMA	Signe de naïveté
TREMA	Signe de paranoïa
TREMA	Pour israël comme pour le goï
TRESOR	Son comptable n'est pas dans son île
TRESORIER	Conservateur des espèces
TRINGLE	Suspendue et mise au placard
TRIP	Voyage par le rail
TROIS	S'emploie pour la règle plus souvent que pour le ménage
TROIS	Cardinal contre les mousquetaires
TRONC	Fût d’essence
TROTTEUSE	Elle va plus vite que les deux autres, mais toujours à son rythme
TROUILLOMETRE	Il est souvent à zéro
TROUSSEES	Les poules le sont différemment des cocottes
TSAR	Le dernier vit rouge
TSETSE	Ses victimes lui doivent des sommes considérables
TSETSE	C'est quand elle a fini de voler qu'elle se met à piquer
TSF	Pour en avoir des nouvelles, il fallait d'abord la mettre au courant
TU	Familier et secret
TU	Entre proches ou même pas aux proches
TU	Dit à personne ou seulement aux amis
TUE	Fait un feu avec un feu
TUE	Impose le silence ou déjà silencieuse
TUETETE	Casse au moins les oreilles
TUMULUS	Bosse dans les pompes funèbres
TUTU	Tenue de la femme au foyer
TUTU	Pour le rat des villes mais pas pour le rat des champs
U	
UBAC	Endroit à l'envers
UBIQUISTE	Présent avec un don
UBIQUITE	Don du père noël
ULTIMATUM	Avant guerre
ULTRAVIOLET	Ne saurait désigner un évêque conservateur
UNETELLE	Machine
UNI	Sans fleurs ni couronnes
UNI	D’un ton qui n’en admet pas d’autre
UNIFORME	Source d’ennui ou d’ennuis pour le contrevenant
UNIFORME	Sur le corps de tout un corps
UNIJAMBISTE	Sucré de canne
UNITE	Division ou le contraire
UNS	D'autres suivront
UPAS	Malais à l’origine de malaises
UPPERCUT	Pain levé
UR	Ses enfants sont sages
URANIUM	Nouveau riche
URBAIN	Civil … et si ville
URBANISTE	Il laisse toujours son travail en plan
URE	Bœuf au cœur d'un taureau
URI	Dans zurich ou pas très loin
URINE	Charge un pistolet au besoin
URNE	On y met les cendres du feu
URNE	Fournit des vestes ou des écharpes
URNE	Est sortie pour faire un tour
URNE	Pleine d'espérance ou pleine de regrets
URTICAIRE	Rougit la poire après les fraises
URUBU	Pas autour, mais pas loin
US	Usages anciens ou sans âges
USAGES	Il est mal vu de s’asseoir dessus au salon
USB	Port avec tous les équipements modernes
USINE	Ne travaille pas quand elle est occupée
USINE	Terrain de manœuvres
USINE	Joue des tours
USTENSILE	Il y en a un qui est louche
USTENSILE	Comprend le chinois
USTENSILE	Un batteur ou un élément de la batterie
USURE	Signe de pauvreté ou moyen d’enrichissement
USURE	Occasionne des dommages ou intérêts
USURE	Prêt aux pires excès
USURE	Elle rend plus fin ou plus pauvre
USURE	Produit de blé à rendement intensif
USURE	Condamnée pour péché capital
USURIER	Homme de grand intérêt
USURIERE	Méfiance quand elle vous fera des avances
USURPATION	Un accès à la propriété qui n'est pas à louer
UTILE	Son adjoint est agréable
UTRILLO	A peut
UV	Invisible, à moins d'être vu à l'envers
UV	Producteurs de homards
V	
VAGABOND	Manque d'adresse
VALISE	Facilite le transfert des effets au porteur
VALOIS	Evoque la monarchie ou le socialisme
VAMPIRE	Sort la nuit pour boire un cou
VANUPIEDS	Cordonnier ?
VAR	N’y passe pas
VAREUSE	Elle est tunique en son genre
VASES	Communicants célèbres
VATEL	Emporté par une lame à cause de la marée
VATENGUERRE	N'aime pas qu'on lui fiche la paix
VEAU	Cow boy
VEDETTE	Sur la scène ou la seine
VEGETARIENNE	Les plaisirs de la chair lui sont inconnus
VEILLEUSE	Loupiote pour un loupiot
VEINE	Cave pleine de rouge
VENAL	A vendre mais pas à louer
VENTRE	Pour en avoir un plat, il faut renoncer à d'autres
VERBALISE	Fait savoir par le langage ou parfois, hélas, par écrit
VERONIQUE	C’est un mot de passe !
VERRE	Entre le zinc et le ballon
VERRES	Des correcteurs qui passent facilement sur les fautes d’orthographe
VERSA	Compagnon de vice
VERT	Amande ou pistache
VERT	Pomme ou olive
VERTEBRES	Elles sont emboîtées et leur déplacement n'est pas souhaitable
VESPASIENNE	On ne la quitte pas sans un certain soulagement
VESTE	Celui qui la prend ne l'emporte pas
VESTIAIRE	Le renard peut y côtoyer le lapin
VESTIBULE	Entrée dans une villa ou dans un pavillon
VEUVE	Femme de feu
VEUVE	Avide hallyday
VIANDE	Doit être rouge pour pouvoir être bleue
VICE	Affaiblit l'importance d'un titre
VICHY	On y va toujours pour la cure, pas pour le régime
VIE	La faire la raccourcit
VIE	On l'abrège en la faisant
VIEIL	Pour un arbre ou un acacia, mais pas un bouleau
VIGO	Célèbre grâce à ses galions ou à ses péniches
VILAIN	Ses jeux viennent toujours du manuel
VIN	Bourre son sac
VIN	A son rôle dans l'église, bien qu'il n'y soit sûrement pas baptisé
VIN	C'est dommage de l'avoir mauvais quand il est bon
VIOLENCE	Se le faire, c'est parois s'empêcher de la faire
VIRGULE	Peut être mise au point
VIS	Avance toujours d’un pas égal
VISITE	Peut être rendue sans avoir été donnée
VISITEUR	Sort facilement de prison
VOILAGE	Empêche la bonne évolution du cycle
VTT	Clou qui s'enfonce dans les bois
VUE	Peut s’accommoder avec de bonnes lentilles
VUE	Sa bassesse justifie une bonne correction
W	
WAGNER	A réussi la quadrature du cercle
WEST	Point pour les officiers de l'armée américaine
X	
XL	Grande taille ou du quarante
Y	
Z	
ZERO	Niveau à bulle
